,f1_weighted,f1_0,f1_1,kind,metric,bal_acc,corpus
0,0.8726227283477783,0.9306491017341614,0.4880046844482422,ekstedt_events,shift_hold_p_future,0.7499869959564269,SWB_GT
1,0.8793783783912659,0.9368023872375488,0.4987531304359436,ekstedt_events,shift_hold_p_future,0.762101118073978,SWB_GT
2,0.8783845901489258,0.9318544268608093,0.5239687561988831,ekstedt_events,shift_hold_p_future,0.7710815223491599,SWB_GT
3,0.8624225854873657,0.9314129948616028,0.40513166785240173,ekstedt_events,shift_hold_p_future,0.7170620409230407,SWB_GT
4,0.8787937164306641,0.9381499886512756,0.48536109924316406,ekstedt_events,shift_hold_p_future,0.7472734284955553,SWB_GT
0,0.6631132364273071,0.6663066744804382,0.6600660085678101,ekstedt_events,s_pred_p_future,0.6637968536056595,SWB_GT
1,0.7008280754089355,0.7106652855873108,0.6914414167404175,ekstedt_events,s_pred_p_future,0.7054278630381865,SWB_GT
2,0.7010345458984375,0.7143602967262268,0.6883190870285034,ekstedt_events,s_pred_p_future,0.7033151719154115,SWB_GT
3,0.6493736505508423,0.6352807879447937,0.6628211736679077,ekstedt_events,s_pred_p_future,0.6490282215122471,SWB_GT
4,0.6735774278640747,0.6732133030891418,0.6739248633384705,ekstedt_events,s_pred_p_future,0.6755280836376083,SWB_GT
0,0.8615935444831848,0.9310291409492493,0.40135136246681213,ekstedt_events,shift_hold_p_now,0.7317205923820944,SWB_GT
1,0.8596379160881042,0.9280851483345032,0.4059469997882843,ekstedt_events,shift_hold_p_now,0.7482808141078816,SWB_GT
2,0.862181544303894,0.9310586452484131,0.4056413769721985,ekstedt_events,shift_hold_p_now,0.748628415614708,SWB_GT
3,0.8534692525863647,0.9316397309303284,0.3353293538093567,ekstedt_events,shift_hold_p_now,0.6947967228441349,SWB_GT
4,0.8624565601348877,0.9293878078460693,0.41881442070007324,ekstedt_events,shift_hold_p_now,0.7421825165425122,SWB_GT
0,0.7452713251113892,0.75066739320755,0.7401224374771118,ekstedt_events,s_pred_p_now,0.7467100258633805,SWB_GT
1,0.7847411632537842,0.7847411632537842,0.7847411632537842,ekstedt_events,s_pred_p_now,0.7853767305644302,SWB_GT
2,0.7798529863357544,0.7789934277534485,0.7806732058525085,ekstedt_events,s_pred_p_now,0.7801755286779248,SWB_GT
3,0.7388370633125305,0.7217695116996765,0.7551229596138,ekstedt_events,s_pred_p_now,0.7384209075003804,SWB_GT
4,0.7548637390136719,0.7630606889724731,0.7470422387123108,ekstedt_events,s_pred_p_now,0.7564949651985395,SWB_GT
0,0.6864551901817322,0.7623817324638367,0.5269571542739868,ekstedt_events,backchannel,0.6808329642303638,SWB_GT
1,0.6948975324630737,0.7693731784820557,0.5384472608566284,ekstedt_events,backchannel,0.6790285809895644,SWB_GT
2,0.7019723653793335,0.7762212157249451,0.5459985136985779,ekstedt_events,backchannel,0.6893544284402141,SWB_GT
3,0.709930419921875,0.7892076969146729,0.5433932542800903,ekstedt_events,backchannel,0.6962444435699471,SWB_GT
4,0.6908763647079468,0.7806830406188965,0.5022204518318176,ekstedt_events,backchannel,0.6679497355715626,SWB_GT
0,0.6891681551933289,0.4092872440814972,0.7964272499084473,ekstedt_events,short_long,0.6100283713223988,SWB_GT
1,0.6665300726890564,0.3563918173313141,0.7853847742080688,ekstedt_events,short_long,0.5940001805239172,SWB_GT
2,0.6768554449081421,0.41075050830841064,0.7788351774215698,ekstedt_events,short_long,0.6151077100541114,SWB_GT
3,0.7223234176635742,0.48272252082824707,0.8141459822654724,ekstedt_events,short_long,0.6632299553432784,SWB_GT
4,0.6544979810714722,0.3199999928474426,0.7826880812644958,ekstedt_events,short_long,0.5963301629457831,SWB_GT
0,0.6142280101776123,0.7140381336212158,0.46078431606292725,roddy_events,overlaps_before_p_now,0.594357610914169,SWB_GT
1,0.6238446235656738,0.6800765991210938,0.5373961329460144,roddy_events,overlaps_before_p_now,0.61307874100333,SWB_GT
2,0.6347653269767761,0.7007434964179993,0.5333333611488342,roddy_events,overlaps_before_p_now,0.6167042646900849,SWB_GT
3,0.6191540956497192,0.7042002081871033,0.48840802907943726,roddy_events,overlaps_before_p_now,0.5952357933182941,SWB_GT
4,0.6279314756393433,0.6991720199584961,0.5184094309806824,roddy_events,overlaps_before_p_now,0.6096465785798689,SWB_GT
0,0.6478554010391235,0.7236723899841309,0.5312976837158203,roddy_events,overlaps_before_p_future,0.6257009345794393,SWB_GT
1,0.6618702411651611,0.7339946031570435,0.5509893298149109,roddy_events,overlaps_before_p_future,0.6404313030400688,SWB_GT
2,0.6734457612037659,0.7395263910293579,0.5718562602996826,roddy_events,overlaps_before_p_future,0.6538645396927705,SWB_GT
3,0.6423959732055664,0.7298245429992676,0.5079872012138367,roddy_events,overlaps_before_p_future,0.6172333225910409,SWB_GT
4,0.6437197923660278,0.7659919261932373,0.4557438790798187,roddy_events,overlaps_before_p_future,0.6288833387044795,SWB_GT
0,0.6747781038284302,0.7519859075546265,0.5560821294784546,roddy_events,overlaps_after_p_now,0.6530561821892792,SWB_GT
1,0.6816623210906982,0.7624021172523499,0.5575364828109741,roddy_events,overlaps_after_p_now,0.6621092491137608,SWB_GT
2,0.6851940751075745,0.7442290186882019,0.5944362878799438,roddy_events,overlaps_after_p_now,0.6704936083360189,SWB_GT
3,0.6746035218238831,0.7495559453964233,0.559374988079071,roddy_events,overlaps_after_p_now,0.6606026426039316,SWB_GT
4,0.6918874979019165,0.768153965473175,0.574638843536377,roddy_events,overlaps_after_p_now,0.6681759587495971,SWB_GT
0,0.714358389377594,0.7727272510528564,0.6246246099472046,roddy_events,overlaps_after_p_future,0.6968981630679987,SWB_GT
1,0.7168879508972168,0.7772768139839172,0.6240487098693848,roddy_events,overlaps_after_p_future,0.7002470727253196,SWB_GT
2,0.7241756319999695,0.7904929518699646,0.6222222447395325,roddy_events,overlaps_after_p_future,0.7058115801912128,SWB_GT
3,0.7000545263290405,0.7560073733329773,0.6140350699424744,roddy_events,overlaps_after_p_future,0.6886265979159952,SWB_GT
4,0.7138424515724182,0.7849650382995605,0.6045016050338745,roddy_events,overlaps_after_p_future,0.6958937587281127,SWB_GT
0,0.8385891318321228,0.915817141532898,0.4035740792751312,gap_0,gap_0_p_future,0.7017649217341866,SWB_GT
1,0.8433040976524353,0.9195643067359924,0.41374045610427856,gap_0,gap_0_p_future,0.7198552850432968,SWB_GT
2,0.841232180595398,0.9196470379829407,0.3995318114757538,gap_0,gap_0_p_future,0.7224641013245839,SWB_GT
3,0.8290082216262817,0.9154497981071472,0.34209463000297546,gap_0,gap_0_p_future,0.6851752099418229,SWB_GT
4,0.8431058526039124,0.9245244264602661,0.38448566198349,gap_0,gap_0_p_future,0.7061578319441222,SWB_GT
0,0.8328484296798706,0.9095919728279114,0.40056219696998596,gap_0,gap_0_p_now,0.7181479726398078,SWB_GT
1,0.83650803565979,0.9101356863975525,0.42177337408065796,gap_0,gap_0_p_now,0.7361947115879883,SWB_GT
2,0.8323814868927002,0.9090427160263062,0.4005592465400696,gap_0,gap_0_p_now,0.7288691644798727,SWB_GT
3,0.8222079277038574,0.9075153470039368,0.3416822552680969,gap_0,gap_0_p_now,0.6987137670202084,SWB_GT
4,0.8348460793495178,0.9110640287399292,0.40552017092704773,gap_0,gap_0_p_now,0.7250088225881045,SWB_GT
0,0.7784678339958191,0.7838258147239685,0.7735418677330017,gap_0,s_pred_p_now,0.7811581025983436,SWB_GT
1,0.8077850341796875,0.8072750568389893,0.8082539439201355,gap_0,s_pred_p_now,0.8090867947809885,SWB_GT
2,0.7979812622070312,0.7948303818702698,0.8008780479431152,gap_0,s_pred_p_now,0.7986806349025951,SWB_GT
3,0.7693346738815308,0.761904776096344,0.7761654853820801,gap_0,s_pred_p_now,0.7693160854573535,SWB_GT
4,0.785553514957428,0.7782894968986511,0.7922317981719971,gap_0,s_pred_p_now,0.7855095111590971,SWB_GT
0,0.6711033582687378,0.7020717859268188,0.6426321268081665,gap_0,s_pred_p_future,0.6800587331578509,SWB_GT
1,0.7116082906723022,0.7176287174224854,0.7060734033584595,gap_0,s_pred_p_future,0.7148732488122467,SWB_GT
2,0.7177406549453735,0.7226048707962036,0.7132686376571655,gap_0,s_pred_p_future,0.721115929999168,SWB_GT
3,0.6687874794006348,0.6653808951377869,0.6719193458557129,gap_0,s_pred_p_future,0.6697278669959836,SWB_GT
4,0.6895288228988647,0.6727089881896973,0.704992413520813,gap_0,s_pred_p_future,0.6935407732725571,SWB_GT
0,0.8500123620033264,0.9228449463844299,0.431969553232193,gap_0,superset_p_future,0.718079935475445,SWB_GT
1,0.8582677841186523,0.9243332743644714,0.47906699776649475,gap_0,superset_p_future,0.739578990211845,SWB_GT
2,0.8586059212684631,0.9219721555709839,0.4948979616165161,gap_0,superset_p_future,0.7446267333551548,SWB_GT
3,0.8453843593597412,0.9214043021202087,0.40904685854911804,gap_0,superset_p_future,0.7058576743947135,SWB_GT
4,0.8547382354736328,0.9239285588264465,0.45760098099708557,gap_0,superset_p_future,0.7325404011618937,SWB_GT
0,0.8071303963661194,0.8947213888168335,0.44341084361076355,ekstedt_events,shift_hold_p_future,0.7097327439931942,SWB_ASR
1,0.8186843991279602,0.8963876962661743,0.49602314829826355,ekstedt_events,shift_hold_p_future,0.7238416806769739,SWB_ASR
2,0.813430666923523,0.8942920565605164,0.47765567898750305,ekstedt_events,shift_hold_p_future,0.7255122251271038,SWB_ASR
3,0.7982252836227417,0.8830819725990295,0.4458598792552948,ekstedt_events,shift_hold_p_future,0.6951224301260228,SWB_ASR
4,0.8109222650527954,0.893849790096283,0.46656760573387146,ekstedt_events,shift_hold_p_future,0.7135989278032409,SWB_ASR
0,0.7156949043273926,0.7542234063148499,0.675305962562561,ekstedt_events,s_pred_p_future,0.7173609025451465,SWB_ASR
1,0.7321053743362427,0.7525891661643982,0.7106325626373291,ekstedt_events,s_pred_p_future,0.7329806322436564,SWB_ASR
2,0.7372971177101135,0.7557870149612427,0.7179144620895386,ekstedt_events,s_pred_p_future,0.7382595972430788,SWB_ASR
3,0.6942298412322998,0.7209567427635193,0.6662125587463379,ekstedt_events,s_pred_p_future,0.6943098070925262,SWB_ASR
4,0.7209450006484985,0.7526403665542603,0.6877192854881287,ekstedt_events,s_pred_p_future,0.7224057602710716,SWB_ASR
0,0.788704514503479,0.8810299038887024,0.40532544255256653,ekstedt_events,shift_hold_p_now,0.6969399467167667,SWB_ASR
1,0.7947022914886475,0.8927847146987915,0.3874172270298004,ekstedt_events,shift_hold_p_now,0.725239276865963,SWB_ASR
2,0.7960533499717712,0.8808026313781738,0.44413408637046814,ekstedt_events,shift_hold_p_now,0.7138452422240851,SWB_ASR
3,0.7773590683937073,0.8696433901786804,0.39415040612220764,ekstedt_events,shift_hold_p_now,0.688079043016957,SWB_ASR
4,0.7935045957565308,0.8823878765106201,0.4244185984134674,ekstedt_events,shift_hold_p_now,0.7088917367441239,SWB_ASR
0,0.7640644311904907,0.7740784883499146,0.7535668015480042,ekstedt_events,s_pred_p_now,0.7636687074044126,SWB_ASR
1,0.7906619906425476,0.8009450435638428,0.7798824310302734,ekstedt_events,s_pred_p_now,0.7901975280120134,SWB_ASR
2,0.7831425666809082,0.7945850491523743,0.7711475491523743,ekstedt_events,s_pred_p_now,0.7828493319471719,SWB_ASR
3,0.7529504299163818,0.7695879340171814,0.7355096340179443,ekstedt_events,s_pred_p_now,0.7525925070270687,SWB_ASR
4,0.7715326547622681,0.7809523940086365,0.7616580128669739,ekstedt_events,s_pred_p_now,0.77114627854145,SWB_ASR
0,0.7236931324005127,0.7675718665122986,0.6670480370521545,ekstedt_events,backchannel,0.7202800284957689,SWB_ASR
1,0.7404278516769409,0.7829888463020325,0.6854838728904724,ekstedt_events,backchannel,0.7380377137182661,SWB_ASR
2,0.7371103763580322,0.7559808492660522,0.7127496004104614,ekstedt_events,backchannel,0.7411184589257959,SWB_ASR
3,0.7492245435714722,0.7686986327171326,0.7240845561027527,ekstedt_events,backchannel,0.7502167765240919,SWB_ASR
4,0.7207649946212769,0.739054262638092,0.6971544623374939,ekstedt_events,backchannel,0.7249474699211329,SWB_ASR
0,0.7267199754714966,0.7648809552192688,0.6918075680732727,ekstedt_events,short_long,0.7407015352747655,SWB_ASR
1,0.7492475509643555,0.7676130533218384,0.7324455380439758,ekstedt_events,short_long,0.7573539864343446,SWB_ASR
2,0.7502129673957825,0.7795753479003906,0.7233502268791199,ekstedt_events,short_long,0.7611756732057999,SWB_ASR
3,0.7690318822860718,0.7829787135124207,0.7562723755836487,ekstedt_events,short_long,0.7749583688721011,SWB_ASR
4,0.6825120449066162,0.7202020287513733,0.6480305194854736,ekstedt_events,short_long,0.6946902542544982,SWB_ASR
0,0.5506383180618286,0.36006051301956177,0.6793025135993958,roddy_events,overlaps_before_p_now,0.5281414195386944,SWB_ASR
1,0.5490090250968933,0.3762662708759308,0.6656322479248047,roddy_events,overlaps_before_p_now,0.5258514306069743,SWB_ASR
2,0.5506383180618286,0.36006051301956177,0.6793025135993958,roddy_events,overlaps_before_p_now,0.528624861646502,SWB_ASR
3,0.5611568689346313,0.3918722867965698,0.6754453778266907,roddy_events,overlaps_before_p_now,0.5380392605880182,SWB_ASR
4,0.5452471971511841,0.3548872172832489,0.6737642288208008,roddy_events,overlaps_before_p_now,0.5378293449359439,SWB_ASR
0,0.6254814267158508,0.5441176295280457,0.6804123520851135,roddy_events,overlaps_before_p_future,0.6187740925918859,SWB_ASR
1,0.6286845803260803,0.5759999752044678,0.6642534136772156,roddy_events,overlaps_before_p_future,0.6262801674236352,SWB_ASR
2,0.6360792517662048,0.5724381804466248,0.6790450811386108,roddy_events,overlaps_before_p_future,0.6357963436510057,SWB_ASR
3,0.6243554949760437,0.5634458661079407,0.6654772758483887,roddy_events,overlaps_before_p_future,0.6241746498225258,SWB_ASR
4,0.628997266292572,0.5445544719696045,0.6860068440437317,roddy_events,overlaps_before_p_future,0.6180998180731015,SWB_ASR
0,0.5435124039649963,0.5185185074806213,0.5603864789009094,roddy_events,overlaps_after_p_now,0.564787603526583,SWB_ASR
1,0.5494949817657471,0.4411027431488037,0.6226734519004822,roddy_events,overlaps_after_p_now,0.5671730086637914,SWB_ASR
2,0.5535115003585815,0.4708680212497711,0.6093063950538635,roddy_events,overlaps_after_p_now,0.5698573845781967,SWB_ASR
3,0.5295511484146118,0.3866666555404663,0.6260162591934204,roddy_events,overlaps_after_p_now,0.5530959378140783,SWB_ASR
4,0.5415320992469788,0.43896424770355225,0.6107784509658813,roddy_events,overlaps_after_p_now,0.5793544775644696,SWB_ASR
0,0.6802626848220825,0.658823549747467,0.6947368383407593,roddy_events,overlaps_after_p_future,0.6930715112654733,SWB_ASR
1,0.6955093145370483,0.6194690465927124,0.746846079826355,roddy_events,overlaps_after_p_future,0.6987074284696513,SWB_ASR
2,0.704105019569397,0.640586793422699,0.7469879388809204,roddy_events,overlaps_after_p_future,0.7048840375049299,SWB_ASR
3,0.6622066497802734,0.5627477169036865,0.7293540239334106,roddy_events,overlaps_after_p_future,0.6593577853262598,SWB_ASR
4,0.6744529008865356,0.578599750995636,0.7391659617424011,roddy_events,overlaps_after_p_future,0.683262725341272,SWB_ASR
0,0.8208544254302979,0.905918300151825,0.37848222255706787,gap_0,gap_0_p_future,0.7020162708652273,SWB_ASR
1,0.8222483992576599,0.9100086688995361,0.3658536672592163,gap_0,gap_0_p_future,0.7120296461659299,SWB_ASR
2,0.8237034678459167,0.9013668298721313,0.4198174774646759,gap_0,gap_0_p_future,0.7115487815246098,SWB_ASR
3,0.8119326829910278,0.9039947986602783,0.33316609263420105,gap_0,gap_0_p_future,0.677037428084028,SWB_ASR
4,0.8253225088119507,0.907953143119812,0.3956044018268585,gap_0,gap_0_p_future,0.7000273095269568,SWB_ASR
0,0.8037427663803101,0.8927233815193176,0.34100136160850525,gap_0,gap_0_p_now,0.7015517376983611,SWB_ASR
1,0.8041247129440308,0.8902357816696167,0.35630688071250916,gap_0,gap_0_p_now,0.718120460719738,SWB_ASR
2,0.8037059307098389,0.8802912831306458,0.4054257869720459,gap_0,gap_0_p_now,0.7138708577750259,SWB_ASR
3,0.7964273691177368,0.8878751993179321,0.32085561752319336,gap_0,gap_0_p_now,0.6861796341914805,SWB_ASR
4,0.8106826543807983,0.8913528919219971,0.3911592960357666,gap_0,gap_0_p_now,0.7033888811784414,SWB_ASR
0,0.77080899477005,0.7776917219161987,0.764174222946167,gap_0,s_pred_p_now,0.7719332284554516,SWB_ASR
1,0.798660159111023,0.7972701787948608,0.800000011920929,gap_0,s_pred_p_now,0.7987887304411551,SWB_ASR
2,0.7930321097373962,0.7942925095558167,0.7918170690536499,gap_0,s_pred_p_now,0.7934388134253019,SWB_ASR
3,0.7629542350769043,0.7533222436904907,0.7722392678260803,gap_0,s_pred_p_now,0.7629792740016298,SWB_ASR
4,0.7778410911560059,0.7802761197090149,0.7754937410354614,gap_0,s_pred_p_now,0.7788235526120764,SWB_ASR
0,0.7207576632499695,0.7473568916320801,0.6951165795326233,gap_0,s_pred_p_future,0.7256469042046785,SWB_ASR
1,0.7349932193756104,0.7412315011024475,0.7289795875549316,gap_0,s_pred_p_future,0.7384396308620873,SWB_ASR
2,0.739234447479248,0.739234447479248,0.739234447479248,gap_0,s_pred_p_future,0.741209691937656,SWB_ASR
3,0.7014669179916382,0.7172099947929382,0.686290979385376,gap_0,s_pred_p_future,0.7038855919291953,SWB_ASR
4,0.727558970451355,0.7471135854721069,0.7087087035179138,gap_0,s_pred_p_future,0.7308066160852476,SWB_ASR
0,0.8204798698425293,0.8960381150245667,0.4773884415626526,gap_0,superset_p_future,0.7218797045904515,SWB_ASR
1,0.8225189447402954,0.8957385420799255,0.49004682898521423,gap_0,superset_p_future,0.7307378908048863,SWB_ASR
2,0.8199405670166016,0.8996466398239136,0.4580152630805969,gap_0,superset_p_future,0.7310985649429813,SWB_ASR
3,0.8074578642845154,0.8928655385971069,0.4196428656578064,gap_0,superset_p_future,0.7021349825466039,SWB_ASR
4,0.8212738633155823,0.9020573496818542,0.4544564187526703,gap_0,superset_p_future,0.7220566693129014,SWB_ASR
0,0.8271452188491821,0.883906364440918,0.6817677617073059,ekstedt_events,shift_hold_p_future,0.8023957003120572,CND
1,0.8299400210380554,0.8827286958694458,0.6947368383407593,ekstedt_events,shift_hold_p_future,0.8046057620431614,CND
2,0.8266477584838867,0.8835462331771851,0.6809184551239014,ekstedt_events,shift_hold_p_future,0.805621037945533,CND
3,0.8249785900115967,0.8780286312103271,0.6891059279441833,ekstedt_events,shift_hold_p_future,0.8039299589231009,CND
4,0.832142174243927,0.882655143737793,0.7027673721313477,ekstedt_events,shift_hold_p_future,0.8110072234325665,CND
0,0.8306834101676941,0.8119800090789795,0.8458390235900879,ekstedt_events,s_pred_p_future,0.8302140987994289,CND
1,0.833563506603241,0.8122648596763611,0.8508221507072449,ekstedt_events,s_pred_p_future,0.8313909104417776,CND
2,0.8347193002700806,0.8169585466384888,0.8491110801696777,ekstedt_events,s_pred_p_future,0.8336464988240301,CND
3,0.8362576365470886,0.8140988945960999,0.8542131185531616,ekstedt_events,s_pred_p_future,0.8331393211203655,CND
4,0.8360868692398071,0.8138741254806519,0.85408616065979,ekstedt_events,s_pred_p_future,0.8337972829012316,CND
0,0.8033053278923035,0.863756537437439,0.6484766006469727,ekstedt_events,shift_hold_p_now,0.7701495320704754,CND
1,0.8010280132293701,0.8648491501808167,0.6375681757926941,ekstedt_events,shift_hold_p_now,0.7706373388884652,CND
2,0.8054375648498535,0.8699561953544617,0.640191376209259,ekstedt_events,shift_hold_p_now,0.7727729051541345,CND
3,0.8007389903068542,0.8629286885261536,0.6414574384689331,ekstedt_events,shift_hold_p_now,0.7789700543852405,CND
4,0.8018929362297058,0.8636496663093567,0.6437203884124756,ekstedt_events,shift_hold_p_now,0.7743859024184679,CND
0,0.8187597990036011,0.790805459022522,0.8414116501808167,ekstedt_events,s_pred_p_now,0.8160496547061467,CND
1,0.8146632313728333,0.7835455536842346,0.839878261089325,ekstedt_events,s_pred_p_now,0.8093593197466423,CND
2,0.8162298202514648,0.7900763154029846,0.8374224305152893,ekstedt_events,s_pred_p_now,0.8130209542168588,CND
3,0.8332232236862183,0.8014440536499023,0.8589743375778198,ekstedt_events,s_pred_p_now,0.8307010746914847,CND
4,0.8213061094284058,0.7939814925193787,0.8434476852416992,ekstedt_events,s_pred_p_now,0.8177528357731885,CND
0,0.7318587899208069,0.7664632797241211,0.6721311211585999,ekstedt_events,backchannel,0.7522276389703347,CND
1,0.7341605424880981,0.7732645273208618,0.6666666865348816,ekstedt_events,backchannel,0.7534126553131519,CND
2,0.722608208656311,0.752449631690979,0.6711015701293945,ekstedt_events,backchannel,0.7497545709235756,CND
3,0.7355620861053467,0.7648731470108032,0.6849709153175354,ekstedt_events,backchannel,0.7593035381600369,CND
4,0.7313261032104492,0.7641854286193848,0.6746107339859009,ekstedt_events,backchannel,0.7534239899341415,CND
0,0.6289750337600708,0.4881495535373688,0.7093052268028259,ekstedt_events,short_long,0.6275901639682816,CND
1,0.633691132068634,0.5068532228469849,0.7060425281524658,ekstedt_events,short_long,0.6332202336739534,CND
2,0.5936293601989746,0.40878912806510925,0.6990666389465332,ekstedt_events,short_long,0.5738883218389764,CND
3,0.6464505791664124,0.48765918612480164,0.737028956413269,ekstedt_events,short_long,0.6357985597445788,CND
4,0.6275935173034668,0.5245505571365356,0.6863716840744019,ekstedt_events,short_long,0.6267972338016994,CND
0,0.6857446432113647,0.8110564351081848,0.3527885973453522,roddy_events,overlaps_before_p_now,0.6009050515217429,CND
1,0.6799389123916626,0.8008450269699097,0.35868892073631287,roddy_events,overlaps_before_p_now,0.5876116073841274,CND
2,0.6862460970878601,0.8161199688911438,0.3411685824394226,roddy_events,overlaps_before_p_now,0.5950784013364999,CND
3,0.677119255065918,0.8159554600715637,0.3082287311553955,roddy_events,overlaps_before_p_now,0.5858071682086655,CND
4,0.6776528358459473,0.8054607510566711,0.3380645215511322,roddy_events,overlaps_before_p_now,0.5923530431617008,CND
0,0.7827646136283875,0.8637502193450928,0.5675840973854065,roddy_events,overlaps_before_p_future,0.7278997815303425,CND
1,0.7825731039047241,0.8592100143432617,0.5789473652839661,roddy_events,overlaps_before_p_future,0.7312468681187787,CND
2,0.7792450189590454,0.8551751375198364,0.577497124671936,roddy_events,overlaps_before_p_future,0.7348540170443516,CND
3,0.7733650803565979,0.8507786393165588,0.5676755905151367,roddy_events,overlaps_before_p_future,0.719392738229423,CND
4,0.7779365181922913,0.8525044322013855,0.579808235168457,roddy_events,overlaps_before_p_future,0.7249934822282089,CND
0,0.7202122807502747,0.8204828500747681,0.45379146933555603,roddy_events,overlaps_after_p_now,0.6302216215351504,CND
1,0.7233802676200867,0.8372442126274109,0.42084169387817383,roddy_events,overlaps_after_p_now,0.6314542694539815,CND
2,0.73093581199646,0.8383800387382507,0.44545453786849976,roddy_events,overlaps_after_p_now,0.637556762982688,CND
3,0.7150802612304688,0.834174633026123,0.3986440598964691,roddy_events,overlaps_after_p_now,0.6141669336467052,CND
4,0.7267482280731201,0.8405688405036926,0.4243243336677551,roddy_events,overlaps_after_p_now,0.6355156087123262,CND
0,0.8171380162239075,0.8787339329719543,0.6534765362739563,roddy_events,overlaps_after_p_future,0.7736884794762608,CND
1,0.8208636045455933,0.8829536437988281,0.6558891534805298,roddy_events,overlaps_after_p_future,0.7781756897272567,CND
2,0.8151816725730896,0.8735169768333435,0.6601836681365967,roddy_events,overlaps_after_p_future,0.7761371295949211,CND
3,0.8139541745185852,0.8817371129989624,0.633853554725647,roddy_events,overlaps_after_p_future,0.7668658964670867,CND
4,0.8153461217880249,0.8824214339256287,0.6371257305145264,roddy_events,overlaps_after_p_future,0.7670716980838399,CND
0,0.8445115089416504,0.9028288722038269,0.6228520274162292,gap_0,gap_0_p_future,0.795811041822367,CND
1,0.8470029234886169,0.9057596325874329,0.6236730813980103,gap_0,gap_0_p_future,0.8005457154035658,CND
2,0.8431359529495239,0.9049174785614014,0.6083089709281921,gap_0,gap_0_p_future,0.7996974241564733,CND
3,0.8410031795501709,0.8995234370231628,0.6185725331306458,gap_0,gap_0_p_future,0.8003239368075432,CND
4,0.8462622165679932,0.9042094945907593,0.6260089874267578,gap_0,gap_0_p_future,0.8052359191917,CND
0,0.8043926954269409,0.8782433867454529,0.5236918926239014,gap_0,gap_0_p_now,0.7420842627606695,CND
1,0.8031088709831238,0.8796488642692566,0.5121866464614868,gap_0,gap_0_p_now,0.7461451083886723,CND
2,0.8111817240715027,0.8835507035255432,0.5361130237579346,gap_0,gap_0_p_now,0.7437585184654907,CND
3,0.8036792278289795,0.8729649186134338,0.5403293967247009,gap_0,gap_0_p_now,0.7565530109085536,CND
4,0.8060314655303955,0.8865140676498413,0.5001235604286194,gap_0,gap_0_p_now,0.7480311105272783,CND
0,0.8297308683395386,0.8055671453475952,0.8491849303245544,gap_0,s_pred_p_now,0.8261215332663772,CND
1,0.8240917325019836,0.7948059439659119,0.8476694822311401,gap_0,s_pred_p_now,0.8203441625026449,CND
2,0.8276912569999695,0.7993163466453552,0.8505356907844543,gap_0,s_pred_p_now,0.8247721556436178,CND
3,0.8443559408187866,0.8204984068870544,0.8635634183883667,gap_0,s_pred_p_now,0.8412581393500775,CND
4,0.8275213241577148,0.8060722351074219,0.8447898626327515,gap_0,s_pred_p_now,0.8252250199384755,CND
0,0.8358107805252075,0.8106433749198914,0.8560727834701538,gap_0,s_pred_p_future,0.8356759645865866,CND
1,0.8407934904098511,0.8199834823608398,0.857547402381897,gap_0,s_pred_p_future,0.8391936813462995,CND
2,0.8420023918151855,0.8237048983573914,0.856733500957489,gap_0,s_pred_p_future,0.8405661569629561,CND
3,0.8407953977584839,0.8170987963676453,0.8598732948303223,gap_0,s_pred_p_future,0.8372600321887899,CND
4,0.8438154458999634,0.8271040320396423,0.8572697043418884,gap_0,s_pred_p_future,0.8431387708324756,CND
0,0.8652918338775635,0.918738067150116,0.6357942819595337,gap_0,superset_p_future,0.8097518127543202,CND
1,0.8652676939964294,0.9173076748847961,0.6418089270591736,gap_0,superset_p_future,0.8177178960233562,CND
2,0.8636831045150757,0.9195402264595032,0.6238333582878113,gap_0,superset_p_future,0.8152170348336227,CND
3,0.8612730503082275,0.9170167446136475,0.6219101548194885,gap_0,superset_p_future,0.8123763135021032,CND
4,0.8663498759269714,0.9199281930923462,0.636285126209259,gap_0,superset_p_future,0.8196099160990908,CND
0,0.7149163484573364,0.8120670914649963,0.466092050075531,ekstedt_events,shift_hold_p_future,0.6735723927616826,CND_video_only
1,0.7298064231872559,0.8205687999725342,0.4973442852497101,ekstedt_events,shift_hold_p_future,0.6916695534547219,CND_video_only
2,0.7212890982627869,0.8191114664077759,0.47074466943740845,ekstedt_events,shift_hold_p_future,0.6773174410147177,CND_video_only
3,0.7203919291496277,0.8142955899238586,0.4798841178417206,ekstedt_events,shift_hold_p_future,0.6788943267974747,CND_video_only
4,0.7086984515190125,0.8102663159370422,0.44856104254722595,ekstedt_events,shift_hold_p_future,0.6619560179908324,CND_video_only
0,0.7026264667510986,0.6603053212165833,0.7369198799133301,ekstedt_events,s_pred_p_future,0.6979569907920142,CND_video_only
1,0.7069230079650879,0.6758697032928467,0.7320858240127563,ekstedt_events,s_pred_p_future,0.7044314469480226,CND_video_only
2,0.6963825225830078,0.6684821844100952,0.7189904451370239,ekstedt_events,s_pred_p_future,0.6948069672007876,CND_video_only
3,0.7031501531600952,0.6610718965530396,0.7372468113899231,ekstedt_events,s_pred_p_future,0.7028214747950976,CND_video_only
4,0.6954578161239624,0.6613590121269226,0.7230885624885559,ekstedt_events,s_pred_p_future,0.6924132769897325,CND_video_only
0,0.6904262900352478,0.8028604984283447,0.40245774388313293,ekstedt_events,shift_hold_p_now,0.6297062279487387,CND_video_only
1,0.7060592770576477,0.8100907206535339,0.43961191177368164,ekstedt_events,shift_hold_p_now,0.6503228480078038,CND_video_only
2,0.6929135918617249,0.8026464581489563,0.4118638336658478,ekstedt_events,shift_hold_p_now,0.6384547048395919,CND_video_only
3,0.691039502620697,0.7954102158546448,0.42372334003448486,ekstedt_events,shift_hold_p_now,0.6350587875035667,CND_video_only
4,0.687259316444397,0.7960136532783508,0.40871575474739075,ekstedt_events,shift_hold_p_now,0.6273754217799743,CND_video_only
0,0.6568032503128052,0.571000874042511,0.7263301610946655,ekstedt_events,s_pred_p_now,0.6534561595996988,CND_video_only
1,0.6781373023986816,0.6213438510894775,0.7241578102111816,ekstedt_events,s_pred_p_now,0.6740525799284676,CND_video_only
2,0.6686191558837891,0.6086956262588501,0.717176079750061,ekstedt_events,s_pred_p_now,0.662409995317669,CND_video_only
3,0.6739332675933838,0.6181961297988892,0.7190978527069092,ekstedt_events,s_pred_p_now,0.6677056196501674,CND_video_only
4,0.6682944893836975,0.6217142939567566,0.7060390710830688,ekstedt_events,s_pred_p_now,0.6633205358597869,CND_video_only
0,0.7271239757537842,0.75699782371521,0.6755613088607788,ekstedt_events,backchannel,0.7431534907886339,CND_video_only
1,0.7282315492630005,0.7606950998306274,0.6721991896629333,ekstedt_events,backchannel,0.7461261596779805,CND_video_only
2,0.7389898896217346,0.769861102104187,0.6857059597969055,ekstedt_events,backchannel,0.7549618420593773,CND_video_only
3,0.7522298097610474,0.778872549533844,0.706244170665741,ekstedt_events,backchannel,0.7697230855402639,CND_video_only
4,0.7332919836044312,0.7663175463676453,0.6762895584106445,ekstedt_events,backchannel,0.7595326925082592,CND_video_only
0,0.7365044951438904,0.6253063678741455,0.7999345660209656,ekstedt_events,short_long,0.7170380316371564,CND_video_only
1,0.7092649936676025,0.5627073645591736,0.792864978313446,ekstedt_events,short_long,0.6823798634091001,CND_video_only
2,0.7498512864112854,0.6303539872169495,0.818015456199646,ekstedt_events,short_long,0.7228263087601032,CND_video_only
3,0.767324686050415,0.6535947918891907,0.8321988582611084,ekstedt_events,short_long,0.7416043122105247,CND_video_only
4,0.7393479943275452,0.6208313703536987,0.8069525957107544,ekstedt_events,short_long,0.7110017364216732,CND_video_only
0,0.6895453929901123,0.8241392374038696,0.3319268524646759,roddy_events,overlaps_before_p_now,0.5960334764865167,CND_video_only
1,0.6917161345481873,0.8097971677780151,0.37797245383262634,roddy_events,overlaps_before_p_now,0.6020618209033048,CND_video_only
2,0.6932030320167542,0.821174681186676,0.3531799614429474,roddy_events,overlaps_before_p_now,0.5985504389065363,CND_video_only
3,0.6908391714096069,0.8216881155967712,0.3431709110736847,roddy_events,overlaps_before_p_now,0.5980413393188745,CND_video_only
4,0.6988867521286011,0.8161554336547852,0.38730159401893616,roddy_events,overlaps_before_p_now,0.6072950620150313,CND_video_only
0,0.7162903547286987,0.8271793127059937,0.4216560423374176,roddy_events,overlaps_before_p_future,0.6343653246758301,CND_video_only
1,0.7247492074966431,0.8255566358566284,0.45690175890922546,roddy_events,overlaps_before_p_future,0.644495866024877,CND_video_only
2,0.7112797498703003,0.8228331208229065,0.4148802161216736,roddy_events,overlaps_before_p_future,0.6434015721341152,CND_video_only
3,0.7066919803619385,0.8316905498504639,0.37456807494163513,roddy_events,overlaps_before_p_future,0.6380833730020273,CND_video_only
4,0.7115654945373535,0.8203650116920471,0.42248302698135376,roddy_events,overlaps_before_p_future,0.63971530199874,CND_video_only
0,0.7016617655754089,0.8188557028770447,0.39027512073516846,roddy_events,overlaps_after_p_now,0.6159320283954348,CND_video_only
1,0.7152800559997559,0.8272848129272461,0.4176809787750244,roddy_events,overlaps_after_p_now,0.6305339989891509,CND_video_only
2,0.7060927748680115,0.8224582672119141,0.3969072103500366,roddy_events,overlaps_after_p_now,0.6184323450964522,CND_video_only
3,0.7067528963088989,0.8144708871841431,0.4205438196659088,roddy_events,overlaps_after_p_now,0.6210502627213286,CND_video_only
4,0.7135556936264038,0.825433075428009,0.4162953495979309,roddy_events,overlaps_after_p_now,0.6308340542875265,CND_video_only
0,0.7353708744049072,0.8294966816902161,0.4852767884731293,roddy_events,overlaps_after_p_future,0.6646445360751643,CND_video_only
1,0.7470600605010986,0.8337928056716919,0.5166093707084656,roddy_events,overlaps_after_p_future,0.6795273221102276,CND_video_only
2,0.7317115068435669,0.832467794418335,0.46399998664855957,roddy_events,overlaps_after_p_future,0.6609740469461158,CND_video_only
3,0.7353642582893372,0.8241584300994873,0.49943628907203674,roddy_events,overlaps_after_p_future,0.6649927991051954,CND_video_only
4,0.7323462963104248,0.8341959118843079,0.4617299437522888,roddy_events,overlaps_after_p_future,0.6639361202158149,CND_video_only
0,0.7590978741645813,0.8614612221717834,0.37002283334732056,gap_0,gap_0_p_future,0.6801507947424423,CND_video_only
1,0.7683753967285156,0.8630784749984741,0.4084164500236511,gap_0,gap_0_p_future,0.6872468289114672,CND_video_only
2,0.7591449618339539,0.8623194694519043,0.36698657274246216,gap_0,gap_0_p_future,0.6791957113501412,CND_video_only
3,0.7611716985702515,0.856268584728241,0.39971601963043213,gap_0,gap_0_p_future,0.6786401716522605,CND_video_only
4,0.7520992755889893,0.8608897924423218,0.33859509229660034,gap_0,gap_0_p_future,0.6679475281031094,CND_video_only
0,0.7398919463157654,0.8545052409172058,0.304255872964859,gap_0,gap_0_p_now,0.6351642597673715,CND_video_only
1,0.7468777298927307,0.8576332926750183,0.3259045481681824,gap_0,gap_0_p_now,0.6514631518871137,CND_video_only
2,0.7400442361831665,0.8506676554679871,0.31957322359085083,gap_0,gap_0_p_now,0.6394717394179891,CND_video_only
3,0.7408350706100464,0.851524829864502,0.3201122283935547,gap_0,gap_0_p_now,0.6349065288931597,CND_video_only
4,0.7380766868591309,0.8566800355911255,0.28727471828460693,gap_0,gap_0_p_now,0.6316541627351322,CND_video_only
0,0.6743675470352173,0.62092524766922,0.7173936367034912,gap_0,s_pred_p_now,0.668240402005624,CND_video_only
1,0.6913893222808838,0.647550106048584,0.7266839146614075,gap_0,s_pred_p_now,0.6865157023274161,CND_video_only
2,0.6788120269775391,0.6303370594978333,0.7178387641906738,gap_0,s_pred_p_now,0.6754243568225968,CND_video_only
3,0.6818386316299438,0.6145101189613342,0.7360442280769348,gap_0,s_pred_p_now,0.6755886757118251,CND_video_only
4,0.6697899103164673,0.6022271513938904,0.7241840958595276,gap_0,s_pred_p_now,0.664705212152082,CND_video_only
0,0.7107046842575073,0.6633465886116028,0.7488322854042053,gap_0,s_pred_p_future,0.7048200845793484,CND_video_only
1,0.7128264307975769,0.6653363704681396,0.7510602474212646,gap_0,s_pred_p_future,0.7069143425856157,CND_video_only
2,0.7040673494338989,0.6577200293540955,0.7413811683654785,gap_0,s_pred_p_future,0.7006345605349351,CND_video_only
3,0.7091912031173706,0.6605740189552307,0.7483324408531189,gap_0,s_pred_p_future,0.7059565537505876,CND_video_only
4,0.6934555768966675,0.6518190503120422,0.7269768714904785,gap_0,s_pred_p_future,0.6910508079271358,CND_video_only
0,0.7840132713317871,0.8731117844581604,0.40142518281936646,gap_0,superset_p_future,0.6903887095021772,CND_video_only
1,0.7927629947662354,0.8809464573860168,0.4141041338443756,gap_0,superset_p_future,0.7023603577091753,CND_video_only
2,0.7858206033706665,0.875653088092804,0.4000806510448456,gap_0,superset_p_future,0.6920769480537363,CND_video_only
3,0.7863495349884033,0.8789481520652771,0.38873180747032166,gap_0,superset_p_future,0.6932172577666046,CND_video_only
4,0.7797396779060364,0.8767021298408508,0.3633841872215271,gap_0,superset_p_future,0.6791943695214939,CND_video_only
0,0.7588151693344116,0.8754695057868958,0.27441078424453735,ekstedt_events,shift_hold_p_future,0.649396403303996,CND-->SWB_ASR
1,0.7594380974769592,0.8714285492897034,0.29440000653266907,ekstedt_events,shift_hold_p_future,0.6120040467884643,CND-->SWB_ASR
2,0.77337247133255,0.8774495720863342,0.3411949574947357,ekstedt_events,shift_hold_p_future,0.6173313980705435,CND-->SWB_ASR
3,0.7566450238227844,0.8739155530929565,0.26968175172805786,ekstedt_events,shift_hold_p_future,0.6000137640576131,CND-->SWB_ASR
4,0.7522851228713989,0.8682486414909363,0.27074939012527466,ekstedt_events,shift_hold_p_future,0.5799091027856276,CND-->SWB_ASR
0,0.657433032989502,0.6775892376899719,0.6363036036491394,ekstedt_events,s_pred_p_future,0.657135266258519,CND-->SWB_ASR
1,0.5929058790206909,0.5653333067893982,0.621809720993042,ekstedt_events,s_pred_p_future,0.5975033691425051,CND-->SWB_ASR
2,0.5972634553909302,0.6624068021774292,0.528974711894989,ekstedt_events,s_pred_p_future,0.6033306380193293,CND-->SWB_ASR
3,0.5619131326675415,0.523517370223999,0.602162778377533,ekstedt_events,s_pred_p_future,0.5757483346809904,CND-->SWB_ASR
4,0.551512598991394,0.5200534462928772,0.5844907164573669,ekstedt_events,s_pred_p_future,0.5741057333179316,CND-->SWB_ASR
0,0.7372400164604187,0.8679678440093994,0.19439579546451569,ekstedt_events,shift_hold_p_now,0.6002322781926004,CND-->SWB_ASR
1,0.7390114068984985,0.8596875667572021,0.23790642619132996,ekstedt_events,shift_hold_p_now,0.5777747018176332,CND-->SWB_ASR
2,0.7463262677192688,0.8591217398643494,0.2779456079006195,ekstedt_events,shift_hold_p_now,0.581819935021206,CND-->SWB_ASR
3,0.7333080172538757,0.8813654184341431,0.11850311607122421,ekstedt_events,shift_hold_p_now,0.5618626347050215,CND-->SWB_ASR
4,0.7227771282196045,0.8544900417327881,0.17584224045276642,ekstedt_events,shift_hold_p_now,0.5679716989201824,CND-->SWB_ASR
0,0.5686972141265869,0.5132237076759338,0.6268492937088013,ekstedt_events,s_pred_p_now,0.5933079203727234,CND-->SWB_ASR
1,0.5445141792297363,0.47058823704719543,0.6220095753669739,ekstedt_events,s_pred_p_now,0.5751969504447269,CND-->SWB_ASR
2,0.5550814867019653,0.4908958375453949,0.6223663091659546,ekstedt_events,s_pred_p_now,0.584806129914135,CND-->SWB_ASR
3,0.5258288979530334,0.46341463923454285,0.591256856918335,ekstedt_events,s_pred_p_now,0.5624319433213969,CND-->SWB_ASR
4,0.531423807144165,0.43118536472320557,0.6365022659301758,ekstedt_events,s_pred_p_now,0.5667328943821955,CND-->SWB_ASR
0,0.6997309923171997,0.7423934936523438,0.6446558237075806,ekstedt_events,backchannel,0.6925731103563411,CND-->SWB_ASR
1,0.6438285708427429,0.6768837571144104,0.6011560559272766,ekstedt_events,backchannel,0.6421658223475908,CND-->SWB_ASR
2,0.642535924911499,0.6462110877037048,0.6377915143966675,ekstedt_events,backchannel,0.6529263931264752,CND-->SWB_ASR
3,0.6035361289978027,0.6666666865348816,0.5220378041267395,ekstedt_events,backchannel,0.6239691871509988,CND-->SWB_ASR
4,0.6361854672431946,0.6379794478416443,0.633869469165802,ekstedt_events,backchannel,0.6530253367681769,CND-->SWB_ASR
0,0.7460647225379944,0.759764552116394,0.7335311770439148,ekstedt_events,short_long,0.7519279781487348,CND-->SWB_ASR
1,0.6936508417129517,0.7160883545875549,0.6731234788894653,ekstedt_events,short_long,0.7018195849071931,CND-->SWB_ASR
2,0.7039390206336975,0.7051569223403931,0.7028248310089111,ekstedt_events,short_long,0.7098894236627269,CND-->SWB_ASR
3,0.6454703211784363,0.679711639881134,0.6141439080238342,ekstedt_events,short_long,0.6601446681694488,CND-->SWB_ASR
4,0.7065033912658691,0.7176981568336487,0.6962617039680481,ekstedt_events,short_long,0.7111542230209984,CND-->SWB_ASR
0,0.5247341394424438,0.3303571343421936,0.6559633016586304,roddy_events,overlaps_before_p_now,0.5084029871633398,CND-->SWB_ASR
1,0.5222825407981873,0.3470839262008667,0.6405638456344604,roddy_events,overlaps_before_p_now,0.50965611999542,CND-->SWB_ASR
2,0.5215950012207031,0.3074534237384796,0.666167676448822,roddy_events,overlaps_before_p_now,0.5120033586504332,CND-->SWB_ASR
3,0.5155776143074036,0.30745813250541687,0.6560846567153931,roddy_events,overlaps_before_p_now,0.5027734310395278,CND-->SWB_ASR
4,0.5143072605133057,0.2806451618671417,0.6720588207244873,roddy_events,overlaps_before_p_now,0.5,CND-->SWB_ASR
0,0.5787121653556824,0.4468371570110321,0.667744517326355,roddy_events,overlaps_before_p_future,0.592833606859789,CND-->SWB_ASR
1,0.5478219389915466,0.3516819477081299,0.6802413463592529,roddy_events,overlaps_before_p_future,0.5545780695393305,CND-->SWB_ASR
2,0.5694875121116638,0.4585987329483032,0.6443514823913574,roddy_events,overlaps_before_p_future,0.5658371817869547,CND-->SWB_ASR
3,0.5422516465187073,0.3258785903453827,0.688330888748169,roddy_events,overlaps_before_p_future,0.5290955815935778,CND-->SWB_ASR
4,0.5353583097457886,0.3196202516555786,0.6810088753700256,roddy_events,overlaps_before_p_future,0.5373586249888681,CND-->SWB_ASR
0,0.49638622999191284,0.23350253701210022,0.6738660931587219,roddy_events,overlaps_after_p_now,0.5096624810757859,CND-->SWB_ASR
1,0.4864022433757782,0.15445543825626373,0.7105084657669067,roddy_events,overlaps_after_p_now,0.5083266541989492,CND-->SWB_ASR
2,0.48021215200424194,0.17311233282089233,0.687543511390686,roddy_events,overlaps_after_p_now,0.5155528414945995,CND-->SWB_ASR
3,0.48625555634498596,0.17077799141407013,0.6992429494857788,roddy_events,overlaps_after_p_now,0.5112336679261605,CND-->SWB_ASR
4,0.4794260263442993,0.18538324534893036,0.6779422163963318,roddy_events,overlaps_after_p_now,0.5,CND-->SWB_ASR
0,0.6337689161300659,0.5560975670814514,0.6862068772315979,roddy_events,overlaps_after_p_future,0.6347276821495362,CND-->SWB_ASR
1,0.5882334113121033,0.5204200744628906,0.6340160369873047,roddy_events,overlaps_after_p_future,0.6002951541289773,CND-->SWB_ASR
2,0.5942143797874451,0.5144230723381042,0.6480836272239685,roddy_events,overlaps_after_p_future,0.594213961299187,CND-->SWB_ASR
3,0.554621696472168,0.49142858386039734,0.5972850918769836,roddy_events,overlaps_after_p_future,0.5684961133798965,CND-->SWB_ASR
4,0.5453882217407227,0.3500761091709137,0.6772486567497253,roddy_events,overlaps_after_p_future,0.5799142526366678,CND-->SWB_ASR
0,0.7897600531578064,0.8903085589408875,0.2668607532978058,gap_0,gap_0_p_future,0.6247228808202103,CND-->SWB_ASR
1,0.787683367729187,0.9032713770866394,0.18657159805297852,gap_0,gap_0_p_future,0.5854698576992053,CND-->SWB_ASR
2,0.7915067672729492,0.8964378237724304,0.24581590294837952,gap_0,gap_0_p_future,0.594299584331548,CND-->SWB_ASR
3,0.7807843685150146,0.9016982316970825,0.15197569131851196,gap_0,gap_0_p_future,0.5665321275477542,CND-->SWB_ASR
4,0.7839913368225098,0.9011455178260803,0.17473435401916504,gap_0,gap_0_p_future,0.5685804010279042,CND-->SWB_ASR
0,0.7700203657150269,0.9038823246955872,0.07387508451938629,gap_0,gap_0_p_now,0.5477554717219636,CND-->SWB_ASR
1,0.7693532109260559,0.9036035537719727,0.07118871808052063,gap_0,gap_0_p_now,0.5398105926297059,CND-->SWB_ASR
2,0.769047737121582,0.900175154209137,0.08712363988161087,gap_0,gap_0_p_now,0.5485713969023497,CND-->SWB_ASR
3,0.7685180902481079,0.90292888879776,0.06951871514320374,gap_0,gap_0_p_now,0.5435720790509397,CND-->SWB_ASR
4,0.7672392725944519,0.8990748524665833,0.08163265138864517,gap_0,gap_0_p_now,0.5511884419855912,CND-->SWB_ASR
0,0.5576480627059937,0.518970787525177,0.5949320793151855,gap_0,s_pred_p_now,0.5785483594966115,CND-->SWB_ASR
1,0.5481114387512207,0.4671179950237274,0.626187264919281,gap_0,s_pred_p_now,0.562706943505258,CND-->SWB_ASR
2,0.5542011260986328,0.47411707043647766,0.631400465965271,gap_0,s_pred_p_now,0.5683014554191606,CND-->SWB_ASR
3,0.5209693908691406,0.4076763391494751,0.6301813721656799,gap_0,s_pred_p_now,0.5509647980549457,CND-->SWB_ASR
4,0.5421141982078552,0.42369264364242554,0.656269907951355,gap_0,s_pred_p_now,0.5654658721732432,CND-->SWB_ASR
0,0.6480233073234558,0.6557376980781555,0.640586793422699,gap_0,s_pred_p_future,0.6489385726472293,CND-->SWB_ASR
1,0.5911482572555542,0.5472370982170105,0.6334776282310486,gap_0,s_pred_p_future,0.5978093330288354,CND-->SWB_ASR
2,0.6018977761268616,0.6502848863601685,0.5552536249160767,gap_0,s_pred_p_future,0.611027953793511,CND-->SWB_ASR
3,0.5603026747703552,0.6233403086662292,0.4995357394218445,gap_0,s_pred_p_future,0.57295702827059,CND-->SWB_ASR
4,0.557650089263916,0.46516290307044983,0.6468057036399841,gap_0,s_pred_p_future,0.5730257311288198,CND-->SWB_ASR
0,0.7782790660858154,0.8845575451850891,0.29569512605667114,gap_0,superset_p_future,0.6430984826710802,CND-->SWB_ASR
1,0.7722928524017334,0.8875685334205627,0.24885496497154236,gap_0,superset_p_future,0.596268141221321,CND-->SWB_ASR
2,0.7797558903694153,0.8853805065155029,0.30014124512672424,gap_0,superset_p_future,0.6136097491134401,CND-->SWB_ASR
3,0.7622712254524231,0.8869870901107788,0.19596774876117706,gap_0,superset_p_future,0.5838470875212758,CND-->SWB_ASR
4,0.7681248188018799,0.8847056031227112,0.23876085877418518,gap_0,superset_p_future,0.5786714370123119,CND-->SWB_ASR
0,0.709295928478241,0.7894324064254761,0.5040488839149475,ekstedt_events,shift_hold_p_future,0.6644263344950081,SWB_ASR-->CND
1,0.7245016694068909,0.8161501884460449,0.4897698163986206,ekstedt_events,shift_hold_p_future,0.6756780259113551,SWB_ASR-->CND
2,0.7110202312469482,0.8092564940452576,0.45941558480262756,ekstedt_events,shift_hold_p_future,0.6520745921888131,SWB_ASR-->CND
3,0.7020077705383301,0.8016794919967651,0.44672656059265137,ekstedt_events,shift_hold_p_future,0.6673452393988833,SWB_ASR-->CND
4,0.7213214635848999,0.8205999135971069,0.4670477509498596,ekstedt_events,shift_hold_p_future,0.6664501575625255,SWB_ASR-->CND
0,0.687996506690979,0.661252498626709,0.709667444229126,ekstedt_events,s_pred_p_future,0.6885867732903319,SWB_ASR-->CND
1,0.6789904832839966,0.6453391909599304,0.7062585949897766,ekstedt_events,s_pred_p_future,0.6801719892454534,SWB_ASR-->CND
2,0.6633105278015137,0.6326863765716553,0.6881256699562073,ekstedt_events,s_pred_p_future,0.6676826120313909,SWB_ASR-->CND
3,0.6935876607894897,0.6702432036399841,0.7125039100646973,ekstedt_events,s_pred_p_future,0.693257656598832,SWB_ASR-->CND
4,0.6756160259246826,0.6410019993782043,0.7036643028259277,ekstedt_events,s_pred_p_future,0.6761104150215285,SWB_ASR-->CND
0,0.7225951552391052,0.805070161819458,0.5113585591316223,ekstedt_events,shift_hold_p_now,0.6854171540118826,SWB_ASR-->CND
1,0.7339296340942383,0.8164820075035095,0.5224950313568115,ekstedt_events,shift_hold_p_now,0.6917603292685369,SWB_ASR-->CND
2,0.7132775783538818,0.8188092708587646,0.44298774003982544,ekstedt_events,shift_hold_p_now,0.6690315248618142,SWB_ASR-->CND
3,0.7068109512329102,0.8033950924873352,0.4594379961490631,ekstedt_events,shift_hold_p_now,0.675923065571491,SWB_ASR-->CND
4,0.7198120355606079,0.8174833655357361,0.469654381275177,ekstedt_events,shift_hold_p_now,0.6817946788506877,SWB_ASR-->CND
0,0.7496353387832642,0.7078849673271179,0.7834662795066833,ekstedt_events,s_pred_p_now,0.7475217427609053,SWB_ASR-->CND
1,0.7460814118385315,0.7158836722373962,0.7705510258674622,ekstedt_events,s_pred_p_now,0.745491292345803,SWB_ASR-->CND
2,0.716628909111023,0.6816479563713074,0.7449744939804077,ekstedt_events,s_pred_p_now,0.7177823191949084,SWB_ASR-->CND
3,0.7521560192108154,0.7188032865524292,0.7791821360588074,ekstedt_events,s_pred_p_now,0.7482814992258217,SWB_ASR-->CND
4,0.7440787553787231,0.7238163352012634,0.7604976892471313,ekstedt_events,s_pred_p_now,0.7441787918688156,SWB_ASR-->CND
0,0.7230063676834106,0.7729859352111816,0.6367412209510803,ekstedt_events,backchannel,0.7294529728281428,SWB_ASR-->CND
1,0.7139294147491455,0.7825430035591125,0.5955016613006592,ekstedt_events,backchannel,0.703213325237191,SWB_ASR-->CND
2,0.7019546627998352,0.7666345238685608,0.5903165936470032,ekstedt_events,backchannel,0.7013087595283537,SWB_ASR-->CND
3,0.7436223030090332,0.7811806201934814,0.6787961721420288,ekstedt_events,backchannel,0.754694093123556,SWB_ASR-->CND
4,0.6830705404281616,0.7635973691940308,0.5440806150436401,ekstedt_events,backchannel,0.6600417526811375,SWB_ASR-->CND
0,0.6328384280204773,0.5076026916503906,0.7042758464813232,ekstedt_events,short_long,0.6295946408817014,SWB_ASR-->CND
1,0.5833805203437805,0.4351958632469177,0.6679085493087769,ekstedt_events,short_long,0.6065635008432321,SWB_ASR-->CND
2,0.5776749849319458,0.4422433078289032,0.6549283862113953,ekstedt_events,short_long,0.6042436170990085,SWB_ASR-->CND
3,0.6503803730010986,0.498760849237442,0.7368677854537964,ekstedt_events,short_long,0.641601317701834,SWB_ASR-->CND
4,0.5432782173156738,0.4322563707828522,0.6066076755523682,ekstedt_events,short_long,0.5870732321114001,SWB_ASR-->CND
0,0.6493546962738037,0.8086273074150085,0.2261640727519989,roddy_events,overlaps_before_p_now,0.5524249353735364,SWB_ASR-->CND
1,0.6650505065917969,0.7994707822799683,0.3078930079936981,roddy_events,overlaps_before_p_now,0.5683654811888242,SWB_ASR-->CND
2,0.6469389200210571,0.7829576134681702,0.2855345904827118,roddy_events,overlaps_before_p_now,0.5556228590254602,SWB_ASR-->CND
3,0.6557099223136902,0.7928030490875244,0.29145076870918274,roddy_events,overlaps_before_p_now,0.562140414638375,SWB_ASR-->CND
4,0.6554117202758789,0.8086045384407043,0.24837544560432434,roddy_events,overlaps_before_p_now,0.5451598356527089,SWB_ASR-->CND
0,0.6782359480857849,0.8055397272109985,0.3399871289730072,roddy_events,overlaps_before_p_future,0.5941765060160222,SWB_ASR-->CND
1,0.6976283192634583,0.8220052719116211,0.3671562075614929,roddy_events,overlaps_before_p_future,0.615141897188257,SWB_ASR-->CND
2,0.6852066516876221,0.8070979118347168,0.3613392412662506,roddy_events,overlaps_before_p_future,0.6019100638287661,SWB_ASR-->CND
3,0.6830822229385376,0.8086478114128113,0.3494519591331482,roddy_events,overlaps_before_p_future,0.6049771996885305,SWB_ASR-->CND
4,0.689188539981842,0.8192861080169678,0.34351661801338196,roddy_events,overlaps_before_p_future,0.6016484882444474,SWB_ASR-->CND
0,0.642582893371582,0.8041727542877197,0.2132352888584137,roddy_events,overlaps_after_p_now,0.5208285503913473,SWB_ASR-->CND
1,0.659701943397522,0.8188576698303223,0.2368219941854477,roddy_events,overlaps_after_p_now,0.5460494088175616,SWB_ASR-->CND
2,0.6397781372070312,0.806257963180542,0.1974378228187561,roddy_events,overlaps_after_p_now,0.5171580612622989,SWB_ASR-->CND
3,0.6581597328186035,0.8155162930488586,0.2400600165128708,roddy_events,overlaps_after_p_now,0.5420855659133722,SWB_ASR-->CND
4,0.6459474563598633,0.7925023436546326,0.2565480172634125,roddy_events,overlaps_after_p_now,0.532390839752744,SWB_ASR-->CND
0,0.6762661933898926,0.8066465258598328,0.3298429250717163,roddy_events,overlaps_after_p_future,0.5854694979089086,SWB_ASR-->CND
1,0.7092586159706116,0.8230593800544739,0.4068877696990967,roddy_events,overlaps_after_p_future,0.6231781044374027,SWB_ASR-->CND
2,0.6742023229598999,0.8027340173721313,0.3326910734176636,roddy_events,overlaps_after_p_future,0.5899551949127224,SWB_ASR-->CND
3,0.697131872177124,0.8172165155410767,0.37806451320648193,roddy_events,overlaps_after_p_future,0.5954277452573752,SWB_ASR-->CND
4,0.6836689710617065,0.8210915923118591,0.31853416562080383,roddy_events,overlaps_after_p_future,0.6030136533807888,SWB_ASR-->CND
0,0.7587873339653015,0.859829306602478,0.3747347295284271,gap_0,gap_0_p_future,0.665635954417708,SWB_ASR-->CND
1,0.7670506834983826,0.8680135607719421,0.38329875469207764,gap_0,gap_0_p_future,0.6683898875196251,SWB_ASR-->CND
2,0.7595839500427246,0.8613220453262329,0.37288564443588257,gap_0,gap_0_p_future,0.6543668259425048,SWB_ASR-->CND
3,0.7558398842811584,0.857870876789093,0.3680278956890106,gap_0,gap_0_p_future,0.6607598419250638,SWB_ASR-->CND
4,0.7648212313652039,0.8612658381462097,0.3982430398464203,gap_0,gap_0_p_future,0.6633481461197929,SWB_ASR-->CND
0,0.7616773843765259,0.8610410690307617,0.38400396704673767,gap_0,gap_0_p_now,0.6857835211234116,SWB_ASR-->CND
1,0.7689721584320068,0.8597094416618347,0.4240868389606476,gap_0,gap_0_p_now,0.6927835684767383,SWB_ASR-->CND
2,0.7582962512969971,0.8535476922988892,0.39625293016433716,gap_0,gap_0_p_now,0.6736860072896746,SWB_ASR-->CND
3,0.7540286779403687,0.8497264385223389,0.3902890086174011,gap_0,gap_0_p_now,0.6786221289700809,SWB_ASR-->CND
4,0.7650231122970581,0.8607652187347412,0.40111488103866577,gap_0,gap_0_p_now,0.6870218562473664,SWB_ASR-->CND
0,0.7460010051727295,0.7119580507278442,0.7734086513519287,gap_0,s_pred_p_now,0.7463563812217379,SWB_ASR-->CND
1,0.7455506920814514,0.7166441082954407,0.7688231468200684,gap_0,s_pred_p_now,0.7457822823786003,SWB_ASR-->CND
2,0.7236119508743286,0.7015843987464905,0.7413460612297058,gap_0,s_pred_p_now,0.7259206405588327,SWB_ASR-->CND
3,0.7532854080200195,0.7095656991004944,0.788483738899231,gap_0,s_pred_p_now,0.7479612729220662,SWB_ASR-->CND
4,0.7458899021148682,0.7182112336158752,0.7681737542152405,gap_0,s_pred_p_now,0.7438104557078613,SWB_ASR-->CND
0,0.6794806122779846,0.6510829329490662,0.7023434042930603,gap_0,s_pred_p_future,0.6780905594549544,SWB_ASR-->CND
1,0.6758912801742554,0.6457089781761169,0.7001908421516418,gap_0,s_pred_p_future,0.6746950346733203,SWB_ASR-->CND
2,0.6609681248664856,0.6361269950866699,0.6809675693511963,gap_0,s_pred_p_future,0.665375891726179,SWB_ASR-->CND
3,0.6896047592163086,0.6634223461151123,0.7106840014457703,gap_0,s_pred_p_future,0.6892115852835381,SWB_ASR-->CND
4,0.6737726926803589,0.6344188451766968,0.7054561376571655,gap_0,s_pred_p_future,0.6721661035383732,SWB_ASR-->CND
0,0.7820607423782349,0.8800987005233765,0.36108675599098206,gap_0,superset_p_future,0.6702255572323164,SWB_ASR-->CND
1,0.7903017401695251,0.884242594242096,0.3869209885597229,gap_0,superset_p_future,0.6758416283345442,SWB_ASR-->CND
2,0.7827932238578796,0.8807429671287537,0.3621978163719177,gap_0,superset_p_future,0.6600564461052945,SWB_ASR-->CND
3,0.7801722884178162,0.8758882284164429,0.3691692054271698,gap_0,superset_p_future,0.6751496567508012,SWB_ASR-->CND
4,0.78840571641922,0.8825542330741882,0.38413316011428833,gap_0,superset_p_future,0.6694884138687598,SWB_ASR-->CND
0,0.8510273098945618,0.8957816362380981,0.7364016771316528,ekstedt_events,shift_hold_p_future,0.8334302520048796,CND_multimodal_early_fusion
1,0.8491497039794922,0.8954451680183411,0.7305769920349121,ekstedt_events,shift_hold_p_future,0.8333725517516235,CND_multimodal_early_fusion
2,0.83687824010849,0.8870351910591125,0.7084154486656189,ekstedt_events,shift_hold_p_future,0.8172500712642512,CND_multimodal_early_fusion
3,0.8485915064811707,0.8950029611587524,0.7297215461730957,ekstedt_events,shift_hold_p_future,0.8322275656799321,CND_multimodal_early_fusion
4,0.8372642993927002,0.8911062479019165,0.6993630528450012,ekstedt_events,shift_hold_p_future,0.8180051989170959,CND_multimodal_early_fusion
0,0.8594158291816711,0.8414519429206848,0.8739721775054932,ekstedt_events,s_pred_p_future,0.8581159992511862,CND_multimodal_early_fusion
1,0.8608481884002686,0.8484519124031067,0.870893120765686,ekstedt_events,s_pred_p_future,0.8616515407472785,CND_multimodal_early_fusion
2,0.8503074049949646,0.8357664346694946,0.8620901107788086,ekstedt_events,s_pred_p_future,0.8502814000124803,CND_multimodal_early_fusion
3,0.852297306060791,0.8299633860588074,0.8703948259353638,ekstedt_events,s_pred_p_future,0.8524663942863889,CND_multimodal_early_fusion
4,0.840520977973938,0.8254777193069458,0.8527107834815979,ekstedt_events,s_pred_p_future,0.8407401966219877,CND_multimodal_early_fusion
0,0.8287060260772705,0.8846977353096008,0.6852992177009583,ekstedt_events,shift_hold_p_now,0.8035731405569648,CND_multimodal_early_fusion
1,0.8257099390029907,0.8800421357154846,0.6865534782409668,ekstedt_events,shift_hold_p_now,0.8004631679221532,CND_multimodal_early_fusion
2,0.8173816204071045,0.8758215308189392,0.6677042841911316,ekstedt_events,shift_hold_p_now,0.7914185023158928,CND_multimodal_early_fusion
3,0.8140270113945007,0.8751516342163086,0.6574734449386597,ekstedt_events,shift_hold_p_now,0.7851696891657175,CND_multimodal_early_fusion
4,0.8147968053817749,0.874215304851532,0.662613034248352,ekstedt_events,shift_hold_p_now,0.7843004392888944,CND_multimodal_early_fusion
0,0.8493893146514893,0.8251312971115112,0.8690459132194519,ekstedt_events,s_pred_p_now,0.8467650502374162,CND_multimodal_early_fusion
1,0.8462289571762085,0.8250712156295776,0.8633733987808228,ekstedt_events,s_pred_p_now,0.8437233308028693,CND_multimodal_early_fusion
2,0.8401484489440918,0.8204455971717834,0.8561140298843384,ekstedt_events,s_pred_p_now,0.8380802353107016,CND_multimodal_early_fusion
3,0.8220158219337463,0.7950693368911743,0.8438509106636047,ekstedt_events,s_pred_p_now,0.8183237614157071,CND_multimodal_early_fusion
4,0.8163970708847046,0.7831612229347229,0.8433285355567932,ekstedt_events,s_pred_p_now,0.8117307318487845,CND_multimodal_early_fusion
0,0.7528488039970398,0.7896986603736877,0.6892457604408264,ekstedt_events,backchannel,0.7769749029228307,CND_multimodal_early_fusion
1,0.7345917820930481,0.7581655979156494,0.6939030885696411,ekstedt_events,backchannel,0.7554749306946834,CND_multimodal_early_fusion
2,0.7416824102401733,0.7765406966209412,0.6815168261528015,ekstedt_events,backchannel,0.7599735727014616,CND_multimodal_early_fusion
3,0.7171723246574402,0.7371377348899841,0.6827118396759033,ekstedt_events,backchannel,0.7494482274001552,CND_multimodal_early_fusion
4,0.7278112769126892,0.7589118480682373,0.6741313338279724,ekstedt_events,backchannel,0.7494084790375164,CND_multimodal_early_fusion
0,0.6385619044303894,0.5329161882400513,0.6988247632980347,ekstedt_events,short_long,0.6375767275241963,CND_multimodal_early_fusion
1,0.6046179533004761,0.474261611700058,0.67897629737854,ekstedt_events,short_long,0.6022278308752629,CND_multimodal_early_fusion
2,0.6279987692832947,0.4683017134666443,0.7190937995910645,ekstedt_events,short_long,0.6177153167300201,CND_multimodal_early_fusion
3,0.593547523021698,0.4641514718532562,0.6673580408096313,ekstedt_events,short_long,0.5925659182820706,CND_multimodal_early_fusion
4,0.6056469082832336,0.46109092235565186,0.688105046749115,ekstedt_events,short_long,0.6080295562433147,CND_multimodal_early_fusion
0,0.6942133903503418,0.8099808096885681,0.38661709427833557,roddy_events,overlaps_before_p_now,0.6161687434903349,CND_multimodal_early_fusion
1,0.6835977435112,0.8007721900939941,0.37226277589797974,roddy_events,overlaps_before_p_now,0.6038370760259708,CND_multimodal_early_fusion
2,0.6941429376602173,0.8065764307975769,0.3954050838947296,roddy_events,overlaps_before_p_now,0.615325216275449,CND_multimodal_early_fusion
3,0.7028786540031433,0.8104854226112366,0.4169653654098511,roddy_events,overlaps_before_p_now,0.6166372015822512,CND_multimodal_early_fusion
4,0.6946390867233276,0.8215689659118652,0.357383668422699,roddy_events,overlaps_before_p_now,0.6135067255190114,CND_multimodal_early_fusion
0,0.7914313077926636,0.8655609488487244,0.5944673418998718,roddy_events,overlaps_before_p_future,0.7436059902105878,CND_multimodal_early_fusion
1,0.8005344867706299,0.8732066750526428,0.6074429750442505,roddy_events,overlaps_before_p_future,0.7539790834650939,CND_multimodal_early_fusion
2,0.79664146900177,0.8665879368782043,0.6107922196388245,roddy_events,overlaps_before_p_future,0.7387320372155042,CND_multimodal_early_fusion
3,0.8096893429756165,0.8779443502426147,0.6283343434333801,roddy_events,overlaps_before_p_future,0.7642704613717715,CND_multimodal_early_fusion
4,0.7863209247589111,0.856403112411499,0.6001109480857849,roddy_events,overlaps_before_p_future,0.7423625333833137,CND_multimodal_early_fusion
0,0.7436709403991699,0.839653491973877,0.4886433482170105,roddy_events,overlaps_after_p_now,0.6669323496361937,CND_multimodal_early_fusion
1,0.745624840259552,0.8476370573043823,0.47457626461982727,roddy_events,overlaps_after_p_now,0.6520303237441021,CND_multimodal_early_fusion
2,0.7339581847190857,0.8409520387649536,0.44967320561408997,roddy_events,overlaps_after_p_now,0.6602130997917339,CND_multimodal_early_fusion
3,0.7533174753189087,0.8567158579826355,0.47858598828315735,roddy_events,overlaps_after_p_now,0.6686366983194741,CND_multimodal_early_fusion
4,0.7349223494529724,0.8454919457435608,0.4411366581916809,roddy_events,overlaps_after_p_now,0.6512985606425161,CND_multimodal_early_fusion
0,0.8359688520431519,0.891566276550293,0.6882452964782715,roddy_events,overlaps_after_p_future,0.7976483706435236,CND_multimodal_early_fusion
1,0.8379414081573486,0.8949325084686279,0.6865149140357971,roddy_events,overlaps_after_p_future,0.7912049641425272,CND_multimodal_early_fusion
2,0.8326815962791443,0.8927807211875916,0.6729970574378967,roddy_events,overlaps_after_p_future,0.7888955327646119,CND_multimodal_early_fusion
3,0.8412978649139404,0.899593710899353,0.686404824256897,roddy_events,overlaps_after_p_future,0.8075130128448744,CND_multimodal_early_fusion
4,0.8280048966407776,0.8861660361289978,0.6734693646430969,roddy_events,overlaps_after_p_future,0.7873619648347296,CND_multimodal_early_fusion
0,0.863416314125061,0.9182571172714233,0.6549707651138306,gap_0,gap_0_p_future,0.8269739163274827,CND_multimodal_early_fusion
1,0.8628071546554565,0.916853666305542,0.6573802828788757,gap_0,gap_0_p_future,0.8298498894472199,CND_multimodal_early_fusion
2,0.8531479239463806,0.9056965708732605,0.6534145474433899,gap_0,gap_0_p_future,0.8154949046248736,CND_multimodal_early_fusion
3,0.8610101938247681,0.9109187126159668,0.671312153339386,gap_0,gap_0_p_future,0.8225079120361763,CND_multimodal_early_fusion
4,0.8509407043457031,0.9081448912620544,0.633512020111084,gap_0,gap_0_p_future,0.8150305099410806,CND_multimodal_early_fusion
0,0.833121657371521,0.8963638544082642,0.5927428603172302,gap_0,gap_0_p_now,0.7836811436872819,CND_multimodal_early_fusion
1,0.8277868628501892,0.8914279341697693,0.5858919620513916,gap_0,gap_0_p_now,0.7794348963497024,CND_multimodal_early_fusion
2,0.8256886601448059,0.8941263556480408,0.5655623078346252,gap_0,gap_0_p_now,0.771307298602727,CND_multimodal_early_fusion
3,0.81637042760849,0.8895561099052429,0.5381973385810852,gap_0,gap_0_p_now,0.7592672653195236,CND_multimodal_early_fusion
4,0.8139515519142151,0.8859726786613464,0.5402047634124756,gap_0,gap_0_p_now,0.7550347765569396,CND_multimodal_early_fusion
0,0.8574893474578857,0.8361391425132751,0.8746781349182129,gap_0,s_pred_p_now,0.8543963500861208,CND_multimodal_early_fusion
1,0.8524873852729797,0.8287700414657593,0.8715820908546448,gap_0,s_pred_p_now,0.84787876640915,CND_multimodal_early_fusion
2,0.8509005308151245,0.8294519782066345,0.8681685924530029,gap_0,s_pred_p_now,0.8473911952840838,CND_multimodal_early_fusion
3,0.8315368890762329,0.8084222078323364,0.8501462936401367,gap_0,s_pred_p_now,0.8297591681083964,CND_multimodal_early_fusion
4,0.8284304141998291,0.8034641742706299,0.8485305309295654,gap_0,s_pred_p_now,0.8247929797417428,CND_multimodal_early_fusion
0,0.8702410459518433,0.8532084822654724,0.883953869342804,gap_0,s_pred_p_future,0.868180227542766,CND_multimodal_early_fusion
1,0.8659585118293762,0.8521692752838135,0.8770601153373718,gap_0,s_pred_p_future,0.865928711692037,CND_multimodal_early_fusion
2,0.8569657802581787,0.8421334624290466,0.8689072132110596,gap_0,s_pred_p_future,0.8567448057039837,CND_multimodal_early_fusion
3,0.8591005802154541,0.8437920808792114,0.8714253902435303,gap_0,s_pred_p_future,0.858576967302815,CND_multimodal_early_fusion
4,0.8536197543144226,0.8328462243080139,0.8703444004058838,gap_0,s_pred_p_future,0.8512148108645303,CND_multimodal_early_fusion
0,0.8807079195976257,0.9280633330345154,0.6773642301559448,gap_0,superset_p_future,0.8385335591119132,CND_multimodal_early_fusion
1,0.8802679777145386,0.9277167320251465,0.6765235662460327,gap_0,superset_p_future,0.8405208827244839,CND_multimodal_early_fusion
2,0.8751436471939087,0.9268752932548523,0.6530084609985352,gap_0,superset_p_future,0.8277199638801004,CND_multimodal_early_fusion
3,0.8810248374938965,0.9275226593017578,0.6813638210296631,gap_0,superset_p_future,0.8387019636377655,CND_multimodal_early_fusion
4,0.871954083442688,0.9225650429725647,0.6546313762664795,gap_0,superset_p_future,0.8261429884134932,CND_multimodal_early_fusion
0,0.8558741807937622,0.8971124291419983,0.7502539753913879,ekstedt_events,shift_hold_p_future,0.8412391912334816,CND_multimodal_late_fusion
1,0.8426547646522522,0.892948567867279,0.7138413786888123,ekstedt_events,shift_hold_p_future,0.8225437232989858,CND_multimodal_late_fusion
2,0.8509373068809509,0.8983514904975891,0.7294992804527283,ekstedt_events,shift_hold_p_future,0.8310543331150311,CND_multimodal_late_fusion
3,0.848484456539154,0.8973882794380188,0.7232310771942139,ekstedt_events,shift_hold_p_future,0.8276121312989324,CND_multimodal_late_fusion
4,0.851924479007721,0.8963234424591064,0.7382089495658875,ekstedt_events,shift_hold_p_future,0.8349915498422955,CND_multimodal_late_fusion
0,0.8588007688522339,0.8397727012634277,0.8742194175720215,ekstedt_events,s_pred_p_future,0.8558826889778467,CND_multimodal_late_fusion
1,0.8375235199928284,0.8149838447570801,0.8557877540588379,ekstedt_events,s_pred_p_future,0.8342523848238603,CND_multimodal_late_fusion
2,0.8535510897636414,0.8345893025398254,0.8689160943031311,ekstedt_events,s_pred_p_future,0.8536630710434864,CND_multimodal_late_fusion
3,0.8515324592590332,0.8356063365936279,0.8644376993179321,ekstedt_events,s_pred_p_future,0.8506758403841397,CND_multimodal_late_fusion
4,0.8537232279777527,0.8310784697532654,0.8720725774765015,ekstedt_events,s_pred_p_future,0.8534930952452567,CND_multimodal_late_fusion
0,0.8229762315750122,0.8813989758491516,0.6733428835868835,ekstedt_events,shift_hold_p_now,0.7951947264596104,CND_multimodal_late_fusion
1,0.8201257586479187,0.879381000995636,0.6683600544929504,ekstedt_events,shift_hold_p_now,0.794619836644014,CND_multimodal_late_fusion
2,0.8191101551055908,0.8754464983940125,0.6748203635215759,ekstedt_events,shift_hold_p_now,0.7928590912234967,CND_multimodal_late_fusion
3,0.8174147605895996,0.8755459785461426,0.6685280203819275,ekstedt_events,shift_hold_p_now,0.7883091155605759,CND_multimodal_late_fusion
4,0.8196114301681519,0.880206823348999,0.664413332939148,ekstedt_events,shift_hold_p_now,0.7879156353412169,CND_multimodal_late_fusion
0,0.83492511510849,0.8140496015548706,0.8518407940864563,ekstedt_events,s_pred_p_now,0.8331975696771705,CND_multimodal_late_fusion
1,0.8311366438865662,0.807391881942749,0.8503773808479309,ekstedt_events,s_pred_p_now,0.8294245446623896,CND_multimodal_late_fusion
2,0.8466157913208008,0.8273921012878418,0.8621929287910461,ekstedt_events,s_pred_p_now,0.8442654688638456,CND_multimodal_late_fusion
3,0.8294102549552917,0.7997635006904602,0.85343337059021,ekstedt_events,s_pred_p_now,0.8270472964813382,CND_multimodal_late_fusion
4,0.8258972764015198,0.7997691631317139,0.8470692038536072,ekstedt_events,s_pred_p_now,0.8215731666968198,CND_multimodal_late_fusion
0,0.7520468235015869,0.778842031955719,0.7057981491088867,ekstedt_events,backchannel,0.7789779376436917,CND_multimodal_late_fusion
1,0.7252606749534607,0.7549505233764648,0.6740157604217529,ekstedt_events,backchannel,0.7502237998570164,CND_multimodal_late_fusion
2,0.7411189675331116,0.7661452889442444,0.6979232430458069,ekstedt_events,backchannel,0.7691718817027626,CND_multimodal_late_fusion
3,0.7412011623382568,0.7811251282691956,0.6722921133041382,ekstedt_events,backchannel,0.760158322961004,CND_multimodal_late_fusion
4,0.7332309484481812,0.76151442527771,0.6844133734703064,ekstedt_events,backchannel,0.7624595435282434,CND_multimodal_late_fusion
0,0.6395766735076904,0.5303487777709961,0.7018828392028809,ekstedt_events,short_long,0.6424376657858845,CND_multimodal_late_fusion
1,0.5795473456382751,0.38575291633605957,0.6900922656059265,ekstedt_events,short_long,0.565746060942628,CND_multimodal_late_fusion
2,0.587668776512146,0.40213972330093384,0.693498969078064,ekstedt_events,short_long,0.5756590893959678,CND_multimodal_late_fusion
3,0.6196098327636719,0.46538984775543213,0.7075806260108948,ekstedt_events,short_long,0.6128873967373918,CND_multimodal_late_fusion
4,0.6169419288635254,0.49695122241973877,0.6853874325752258,ekstedt_events,short_long,0.6094406631464881,CND_multimodal_late_fusion
0,0.7000831365585327,0.8073251247406006,0.41513895988464355,roddy_events,overlaps_before_p_now,0.6273477489583454,CND_multimodal_late_fusion
1,0.6996854543685913,0.8107377290725708,0.4046172499656677,roddy_events,overlaps_before_p_now,0.6200634093804895,CND_multimodal_late_fusion
2,0.6913588047027588,0.8141693472862244,0.3650485575199127,roddy_events,overlaps_before_p_now,0.6115948457936268,CND_multimodal_late_fusion
3,0.7057390809059143,0.8305400609970093,0.37414029240608215,roddy_events,overlaps_before_p_now,0.6226121499913313,CND_multimodal_late_fusion
4,0.7049703001976013,0.8222811818122864,0.3932729661464691,roddy_events,overlaps_before_p_now,0.6162787781782839,CND_multimodal_late_fusion
0,0.8092489838600159,0.8770971298217773,0.6289752721786499,roddy_events,overlaps_before_p_future,0.7510829445368966,CND_multimodal_late_fusion
1,0.8049198389053345,0.8736801147460938,0.6222222447395325,roddy_events,overlaps_before_p_future,0.754665016794882,CND_multimodal_late_fusion
2,0.8052639961242676,0.87385094165802,0.6230274438858032,roddy_events,overlaps_before_p_future,0.7501827786417699,CND_multimodal_late_fusion
3,0.801381528377533,0.8741773366928101,0.6079614162445068,roddy_events,overlaps_before_p_future,0.7476757604175179,CND_multimodal_late_fusion
4,0.8038865327835083,0.8774293065071106,0.6084818840026855,roddy_events,overlaps_before_p_future,0.754232444278996,CND_multimodal_late_fusion
0,0.7590568661689758,0.8492781519889832,0.519336998462677,roddy_events,overlaps_after_p_now,0.682912023700045,CND_multimodal_late_fusion
1,0.7376585006713867,0.8457207083702087,0.45053476095199585,roddy_events,overlaps_after_p_now,0.6558400316138954,CND_multimodal_late_fusion
2,0.7489680647850037,0.8569838404655457,0.4619678854942322,roddy_events,overlaps_after_p_now,0.6568376938631774,CND_multimodal_late_fusion
3,0.7617884278297424,0.8633067011833191,0.49205252528190613,roddy_events,overlaps_after_p_now,0.6813276539004811,CND_multimodal_late_fusion
4,0.761737585067749,0.856004536151886,0.5112684965133667,roddy_events,overlaps_after_p_now,0.6745908936243438,CND_multimodal_late_fusion
0,0.8428924083709717,0.8987317085266113,0.694526195526123,roddy_events,overlaps_after_p_future,0.7985426997280911,CND_multimodal_late_fusion
1,0.8387656211853027,0.894436776638031,0.6908462643623352,roddy_events,overlaps_after_p_future,0.7951889116164204,CND_multimodal_late_fusion
2,0.8373785018920898,0.8910103440284729,0.6948775053024292,roddy_events,overlaps_after_p_future,0.7970949545312458,CND_multimodal_late_fusion
3,0.841666579246521,0.8983249068260193,0.6911242604255676,roddy_events,overlaps_after_p_future,0.7919326198589048,CND_multimodal_late_fusion
4,0.8494145274162292,0.9000593423843384,0.7148503661155701,roddy_events,overlaps_after_p_future,0.8025532371167539,CND_multimodal_late_fusion
0,0.8642669320106506,0.9144209027290344,0.6736355423927307,gap_0,gap_0_p_future,0.8265664951992904,CND_multimodal_late_fusion
1,0.8555706143379211,0.9094781875610352,0.6506720185279846,gap_0,gap_0_p_future,0.8138559357673923,CND_multimodal_late_fusion
2,0.8620719909667969,0.9123386144638062,0.6710125803947449,gap_0,gap_0_p_future,0.8250432859598957,CND_multimodal_late_fusion
3,0.86102294921875,0.9156386852264404,0.6534329652786255,gap_0,gap_0_p_future,0.8198474371127288,CND_multimodal_late_fusion
4,0.8624535799026489,0.9164819121360779,0.6570961475372314,gap_0,gap_0_p_future,0.8245004401476511,CND_multimodal_late_fusion
0,0.8231996297836304,0.8923479914665222,0.5603718757629395,gap_0,gap_0_p_now,0.7692428659348736,CND_multimodal_late_fusion
1,0.8226518630981445,0.8932275176048279,0.5543992519378662,gap_0,gap_0_p_now,0.7704727912803766,CND_multimodal_late_fusion
2,0.8245373964309692,0.8933628797531128,0.5629370808601379,gap_0,gap_0_p_now,0.7740335561187368,CND_multimodal_late_fusion
3,0.820073127746582,0.8902556896209717,0.5533148050308228,gap_0,gap_0_p_now,0.7665803693691304,CND_multimodal_late_fusion
4,0.8217065930366516,0.8917566537857056,0.5554518103599548,gap_0,gap_0_p_now,0.7620820061262226,CND_multimodal_late_fusion
0,0.8473036289215088,0.8258028626441956,0.8646137118339539,gap_0,s_pred_p_now,0.8442455596799503,CND_multimodal_late_fusion
1,0.8412976264953613,0.8196539878845215,0.8587227463722229,gap_0,s_pred_p_now,0.8394259777512463,CND_multimodal_late_fusion
2,0.8551161885261536,0.8338926434516907,0.8722031116485596,gap_0,s_pred_p_now,0.851396363490138,CND_multimodal_late_fusion
3,0.8413698673248291,0.820350170135498,0.8582925796508789,gap_0,s_pred_p_now,0.8390609576404334,CND_multimodal_late_fusion
4,0.8384412527084351,0.8103522658348083,0.8610554933547974,gap_0,s_pred_p_now,0.834368594196252,CND_multimodal_late_fusion
0,0.8650777339935303,0.8480197191238403,0.8788110613822937,gap_0,s_pred_p_future,0.8643228625619098,CND_multimodal_late_fusion
1,0.8462691307067871,0.8286139965057373,0.8604830503463745,gap_0,s_pred_p_future,0.8452008352617565,CND_multimodal_late_fusion
2,0.8634329438209534,0.8455821871757507,0.8778043985366821,gap_0,s_pred_p_future,0.8618196623528072,CND_multimodal_late_fusion
3,0.8582688570022583,0.84038907289505,0.872663676738739,gap_0,s_pred_p_future,0.8561788450141364,CND_multimodal_late_fusion
4,0.8624402284622192,0.8467370867729187,0.875082790851593,gap_0,s_pred_p_future,0.8613945635221161,CND_multimodal_late_fusion
0,0.8835052251815796,0.9302188158035278,0.6829174757003784,gap_0,superset_p_future,0.8412831545530151,CND_multimodal_late_fusion
1,0.8756790161132812,0.9255622625350952,0.6614808440208435,gap_0,superset_p_future,0.8293056858049395,CND_multimodal_late_fusion
2,0.8804796934127808,0.9287566542625427,0.6731792092323303,gap_0,superset_p_future,0.8371118606605025,CND_multimodal_late_fusion
3,0.8793863654136658,0.9271888136863708,0.674123227596283,gap_0,superset_p_future,0.8336381085469576,CND_multimodal_late_fusion
4,0.8822557926177979,0.9291908144950867,0.6807171702384949,gap_0,superset_p_future,0.8400781147905831,CND_multimodal_late_fusion
0,0.8319346904754639,0.8845614194869995,0.6971463561058044,ekstedt_events,shift_hold_p_future,0.8105374546014408,combined-->CND
1,0.8242007493972778,0.8808639049530029,0.6790741086006165,ekstedt_events,shift_hold_p_future,0.7992983152094175,combined-->CND
2,0.8306299448013306,0.8854607939720154,0.6901960968971252,ekstedt_events,shift_hold_p_future,0.8053182625242927,combined-->CND
3,0.8325629830360413,0.8858340978622437,0.6961240172386169,ekstedt_events,shift_hold_p_future,0.8132046976314987,combined-->CND
4,0.8285819292068481,0.8783510327339172,0.7011123895645142,ekstedt_events,shift_hold_p_future,0.8093053500242945,combined-->CND
0,0.8367491960525513,0.8160120248794556,0.8535527586936951,ekstedt_events,s_pred_p_future,0.8341691084671179,combined-->CND
1,0.840233564376831,0.818371593952179,0.8579486608505249,ekstedt_events,s_pred_p_future,0.8395277512286068,combined-->CND
2,0.8310110569000244,0.8122803568840027,0.8461888432502747,ekstedt_events,s_pred_p_future,0.8296233080421617,combined-->CND
3,0.8423895835876465,0.8237047791481018,0.8575301170349121,ekstedt_events,s_pred_p_future,0.8405215681274671,combined-->CND
4,0.838074803352356,0.8160091042518616,0.8559548854827881,ekstedt_events,s_pred_p_future,0.8353304881700436,combined-->CND
0,0.8097202777862549,0.872976541519165,0.6477072834968567,ekstedt_events,shift_hold_p_now,0.7782540386271416,combined-->CND
1,0.8022412657737732,0.8661444783210754,0.6385712027549744,ekstedt_events,shift_hold_p_now,0.7719787366222406,combined-->CND
2,0.8038926124572754,0.8635051250457764,0.6512117981910706,ekstedt_events,shift_hold_p_now,0.7739713837990756,combined-->CND
3,0.8052396178245544,0.8684210777282715,0.6434181332588196,ekstedt_events,shift_hold_p_now,0.7715408005769884,combined-->CND
4,0.8022392392158508,0.8624264001846313,0.6480867862701416,ekstedt_events,shift_hold_p_now,0.7773582998955928,combined-->CND
0,0.8302172422409058,0.8045445680618286,0.851020097732544,ekstedt_events,s_pred_p_now,0.8258465232457757,combined-->CND
1,0.8267190456390381,0.8006158471107483,0.8478707671165466,ekstedt_events,s_pred_p_now,0.8226673753761464,combined-->CND
2,0.8173320293426514,0.7896764278411865,0.8397417068481445,ekstedt_events,s_pred_p_now,0.8128595641885628,combined-->CND
3,0.8110754489898682,0.785687267780304,0.8316478133201599,ekstedt_events,s_pred_p_now,0.8079354287250906,combined-->CND
4,0.819506049156189,0.7933409810066223,0.8407079577445984,ekstedt_events,s_pred_p_now,0.815930071204652,combined-->CND
0,0.7351980209350586,0.760438859462738,0.6916321516036987,ekstedt_events,backchannel,0.7574885606454874,combined-->CND
1,0.7440091371536255,0.7769064903259277,0.6872279047966003,ekstedt_events,backchannel,0.7640008976044803,combined-->CND
2,0.7345558404922485,0.7738009095191956,0.6668186187744141,ekstedt_events,backchannel,0.7524024683895703,combined-->CND
3,0.7316899299621582,0.764478325843811,0.675096869468689,ekstedt_events,backchannel,0.7563579992344784,combined-->CND
4,0.7295867800712585,0.7613315582275391,0.6747949719429016,ekstedt_events,backchannel,0.7554395130510321,combined-->CND
0,0.6249445080757141,0.46466511487960815,0.7163716554641724,ekstedt_events,short_long,0.6035181494270654,combined-->CND
1,0.6350051760673523,0.4704771041870117,0.7288559079170227,ekstedt_events,short_long,0.626191448135552,combined-->CND
2,0.6113255023956299,0.4486181139945984,0.7041376233100891,ekstedt_events,short_long,0.6071849474456349,combined-->CND
3,0.6491780281066895,0.48586487770080566,0.7423357367515564,ekstedt_events,short_long,0.627766048329305,combined-->CND
4,0.6166906356811523,0.4432176649570465,0.7156436443328857,ekstedt_events,short_long,0.6010721177017947,combined-->CND
0,0.6870337724685669,0.8021659255027771,0.38112524151802063,roddy_events,overlaps_before_p_now,0.5967170318564473,combined-->CND
1,0.6845234036445618,0.8064146637916565,0.3606557250022888,roddy_events,overlaps_before_p_now,0.5898410528395651,combined-->CND
2,0.6799890995025635,0.8117139339447021,0.3299933075904846,roddy_events,overlaps_before_p_now,0.6000007782414079,combined-->CND
3,0.6846731305122375,0.7951429486274719,0.3911525011062622,roddy_events,overlaps_before_p_now,0.6009292634766552,combined-->CND
4,0.6789793372154236,0.803281843662262,0.348704993724823,roddy_events,overlaps_before_p_now,0.5928489558810622,combined-->CND
0,0.7857425808906555,0.8599489331245422,0.5885747075080872,roddy_events,overlaps_before_p_future,0.7344731111108229,combined-->CND
1,0.7712416648864746,0.8428053259849548,0.5810955762863159,roddy_events,overlaps_before_p_future,0.7176075389109895,combined-->CND
2,0.7836633920669556,0.8683409690856934,0.5586734414100647,roddy_events,overlaps_before_p_future,0.7191393774155208,combined-->CND
3,0.7832970023155212,0.8591576814651489,0.5817335844039917,roddy_events,overlaps_before_p_future,0.7302775252096172,combined-->CND
4,0.7886329889297485,0.8642119765281677,0.5878178477287292,roddy_events,overlaps_before_p_future,0.7393371199101391,combined-->CND
0,0.7372946739196777,0.8433962464332581,0.4553805887699127,roddy_events,overlaps_after_p_now,0.6421948655955471,combined-->CND
1,0.7249281406402588,0.8391084671020508,0.4215488135814667,roddy_events,overlaps_after_p_now,0.6226439281821534,combined-->CND
2,0.7270780801773071,0.8437093496322632,0.4171864092350006,roddy_events,overlaps_after_p_now,0.6358673305930589,combined-->CND
3,0.7222694754600525,0.8417733311653137,0.40474528074264526,roddy_events,overlaps_after_p_now,0.626670246577143,combined-->CND
4,0.725182831287384,0.8346903920173645,0.4342190623283386,roddy_events,overlaps_after_p_now,0.6293964694646175,combined-->CND
0,0.8214355707168579,0.8818181753158569,0.660997748374939,roddy_events,overlaps_after_p_future,0.7757512515635085,combined-->CND
1,0.814380407333374,0.8793103694915771,0.6418604850769043,roddy_events,overlaps_after_p_future,0.7688752725466264,combined-->CND
2,0.8161696195602417,0.8757491111755371,0.6578657627105713,roddy_events,overlaps_after_p_future,0.773969294917608,combined-->CND
3,0.8249239921569824,0.8857927918434143,0.6631944179534912,roddy_events,overlaps_after_p_future,0.782302963327103,combined-->CND
4,0.8225407004356384,0.8810660243034363,0.667037844657898,roddy_events,overlaps_after_p_future,0.7869127465998417,combined-->CND
0,0.849288821220398,0.9075759649276733,0.6277439594268799,gap_0,gap_0_p_future,0.806146881349953,combined-->CND
1,0.8435141444206238,0.9055062532424927,0.6078869700431824,gap_0,gap_0_p_future,0.7990223730780013,combined-->CND
2,0.8453240394592285,0.9040247797966003,0.6222071647644043,gap_0,gap_0_p_future,0.8000019379881316,combined-->CND
3,0.8505827188491821,0.9087490439414978,0.6294968128204346,gap_0,gap_0_p_future,0.8083826909800481,combined-->CND
4,0.8453009128570557,0.9036518335342407,0.6235135793685913,gap_0,gap_0_p_future,0.8044019188642827,combined-->CND
0,0.8136727213859558,0.8897150158882141,0.5246419310569763,gap_0,gap_0_p_now,0.7550867498750131,combined-->CND
1,0.8069812059402466,0.8849042654037476,0.5108017325401306,gap_0,gap_0_p_now,0.7504034095307848,combined-->CND
2,0.8061614036560059,0.881075382232666,0.5214195251464844,gap_0,gap_0_p_now,0.7420985790300914,combined-->CND
3,0.8055214881896973,0.8845980167388916,0.5049576759338379,gap_0,gap_0_p_now,0.7421662248290324,combined-->CND
4,0.8080151677131653,0.8864928483963013,0.5097275972366333,gap_0,gap_0_p_now,0.755116580189386,combined-->CND
0,0.8414992094039917,0.8153319954872131,0.8625662922859192,gap_0,s_pred_p_now,0.8363310859264521,combined-->CND
1,0.8338288068771362,0.8073654174804688,0.8551341891288757,gap_0,s_pred_p_now,0.8290130909376396,combined-->CND
2,0.828082799911499,0.7978094816207886,0.8524555563926697,gap_0,s_pred_p_now,0.8253289010716511,combined-->CND
3,0.8256117105484009,0.8020458817481995,0.8445843458175659,gap_0,s_pred_p_now,0.8232449354357214,combined-->CND
4,0.832402229309082,0.8044533133506775,0.8549036383628845,gap_0,s_pred_p_now,0.8299705207364934,combined-->CND
0,0.8444579839706421,0.8283072113990784,0.8574607968330383,gap_0,s_pred_p_future,0.8442777532569368,combined-->CND
1,0.8460522294044495,0.8302997946739197,0.8587344288825989,gap_0,s_pred_p_future,0.8458049734648332,combined-->CND
2,0.8447340726852417,0.8274372220039368,0.858659565448761,gap_0,s_pred_p_future,0.8436979098350061,combined-->CND
3,0.845757782459259,0.8225217461585999,0.8644649386405945,gap_0,s_pred_p_future,0.8445238127152421,combined-->CND
4,0.8441067934036255,0.8229109048843384,0.8611713647842407,gap_0,s_pred_p_future,0.8410872381309822,combined-->CND
0,0.8672255873680115,0.9226520657539368,0.6292247772216797,gap_0,superset_p_future,0.818801768393035,combined-->CND
1,0.8632450699806213,0.9172495603561401,0.6313503384590149,gap_0,superset_p_future,0.8111816317993308,combined-->CND
2,0.8653367757797241,0.9189532399177551,0.6351081132888794,gap_0,superset_p_future,0.8166285473381476,combined-->CND
3,0.8700287938117981,0.9225742816925049,0.6443992853164673,gap_0,superset_p_future,0.8205756252262502,combined-->CND
4,0.8654027581214905,0.9199064373970032,0.6313645839691162,gap_0,superset_p_future,0.8164002006271665,combined-->CND
0,0.8229151368141174,0.9013128876686096,0.4973703920841217,ekstedt_events,shift_hold_p_future,0.7265495840455132,combined-->SWB_ASR
1,0.8147569894790649,0.8910564184188843,0.4979253113269806,ekstedt_events,shift_hold_p_future,0.72181692559166,combined-->SWB_ASR
2,0.8202954530715942,0.9002504944801331,0.4882842004299164,ekstedt_events,shift_hold_p_future,0.7173490502800246,combined-->SWB_ASR
3,0.8261949419975281,0.9015712738037109,0.5131964683532715,ekstedt_events,shift_hold_p_future,0.7376218741203057,combined-->SWB_ASR
4,0.8235228657722473,0.8985852599143982,0.5118279457092285,ekstedt_events,shift_hold_p_future,0.7356253081360355,combined-->SWB_ASR
0,0.7240740060806274,0.7446686029434204,0.7024849057197571,ekstedt_events,s_pred_p_future,0.7243117323168149,combined-->SWB_ASR
1,0.717747151851654,0.759956955909729,0.6734992861747742,ekstedt_events,s_pred_p_future,0.720127834892765,combined-->SWB_ASR
2,0.7278022170066833,0.7641921639442444,0.6896551847457886,ekstedt_events,s_pred_p_future,0.7291979515613569,combined-->SWB_ASR
3,0.7364882230758667,0.7564767003059387,0.7155346274375916,ekstedt_events,s_pred_p_future,0.7361741942936353,combined-->SWB_ASR
4,0.733718991279602,0.7558605074882507,0.7105084657669067,ekstedt_events,s_pred_p_future,0.7335158445958955,combined-->SWB_ASR
0,0.7817854881286621,0.8767772316932678,0.38733431696891785,ekstedt_events,shift_hold_p_now,0.7164223092822627,combined-->SWB_ASR
1,0.7810483574867249,0.8682498931884766,0.41894596815109253,ekstedt_events,shift_hold_p_now,0.7157897069733226,combined-->SWB_ASR
2,0.7812132239341736,0.8743299841880798,0.39454805850982666,ekstedt_events,shift_hold_p_now,0.7122398243177459,combined-->SWB_ASR
3,0.7848771810531616,0.8704992532730103,0.42933332920074463,ekstedt_events,shift_hold_p_now,0.7231124577941115,combined-->SWB_ASR
4,0.794426679611206,0.885777473449707,0.4150943458080292,ekstedt_events,shift_hold_p_now,0.7148147528923962,combined-->SWB_ASR
0,0.8361737728118896,0.8415366411209106,0.8305519819259644,ekstedt_events,s_pred_p_now,0.8359031227137962,combined-->SWB_ASR
1,0.8262540102005005,0.8317307829856873,0.8205128312110901,ekstedt_events,s_pred_p_now,0.8260013091525162,combined-->SWB_ASR
2,0.8139054775238037,0.8143564462661743,0.8134328126907349,ekstedt_events,s_pred_p_now,0.8142897847599245,combined-->SWB_ASR
3,0.8268948793411255,0.831826388835907,0.8217252492904663,ekstedt_events,s_pred_p_now,0.8266951599861383,combined-->SWB_ASR
4,0.8221776485443115,0.832748532295227,0.8110964298248291,ekstedt_events,s_pred_p_now,0.8216040968772862,combined-->SWB_ASR
0,0.6775148510932922,0.7024221420288086,0.6453608274459839,ekstedt_events,backchannel,0.6761826463646307,combined-->SWB_ASR
1,0.687884509563446,0.699999988079071,0.6722440719604492,ekstedt_events,backchannel,0.6950565957630533,combined-->SWB_ASR
2,0.6686719655990601,0.6707146167755127,0.6660350561141968,ekstedt_events,backchannel,0.6791131771343043,combined-->SWB_ASR
3,0.678038477897644,0.6838709712028503,0.6705090999603271,ekstedt_events,backchannel,0.685760390881354,combined-->SWB_ASR
4,0.6844461560249329,0.6886005401611328,0.6790831089019775,ekstedt_events,backchannel,0.6931820634966324,combined-->SWB_ASR
0,0.4537627398967743,0.29218751192092896,0.6015831232070923,ekstedt_events,short_long,0.5057134915316194,combined-->SWB_ASR
1,0.46322768926620483,0.2898785471916199,0.6218197345733643,ekstedt_events,short_long,0.5042989216522481,combined-->SWB_ASR
2,0.4693390429019928,0.3168469965457916,0.6088495850563049,ekstedt_events,short_long,0.5060155710572276,combined-->SWB_ASR
3,0.45843052864074707,0.2805872857570648,0.6211340427398682,ekstedt_events,short_long,0.5057147607733236,combined-->SWB_ASR
4,0.4605333209037781,0.29120001196861267,0.6154513955116272,ekstedt_events,short_long,0.5051766022907275,combined-->SWB_ASR
0,0.5275672674179077,0.27491408586502075,0.6981402039527893,roddy_events,overlaps_before_p_now,0.5171240283449741,combined-->SWB_ASR
1,0.5250520706176758,0.2985553741455078,0.6779661178588867,roddy_events,overlaps_before_p_now,0.5083520985204126,combined-->SWB_ASR
2,0.5303273797035217,0.29048413038253784,0.692251980304718,roddy_events,overlaps_before_p_now,0.5145541518771548,combined-->SWB_ASR
3,0.5111072063446045,0.3171806037425995,0.6420323252677917,roddy_events,overlaps_before_p_now,0.5054387237128354,combined-->SWB_ASR
4,0.5222825407981873,0.3470839262008667,0.6405638456344604,roddy_events,overlaps_before_p_now,0.5079131839751664,combined-->SWB_ASR
0,0.6455335021018982,0.5274725556373596,0.725239634513855,roddy_events,overlaps_before_p_future,0.6419920359273819,combined-->SWB_ASR
1,0.6377838850021362,0.5904977321624756,0.6697080135345459,roddy_events,overlaps_before_p_future,0.6482958665699783,combined-->SWB_ASR
2,0.6361724138259888,0.5415070056915283,0.7000835537910461,roddy_events,overlaps_before_p_future,0.638423469842118,combined-->SWB_ASR
3,0.6626262664794922,0.5814536213874817,0.7174280881881714,roddy_events,overlaps_before_p_future,0.6494408610358383,combined-->SWB_ASR
4,0.6565194129943848,0.5805658102035522,0.7077977657318115,roddy_events,overlaps_before_p_future,0.6506558273857233,combined-->SWB_ASR
0,0.5367556810379028,0.48383501172065735,0.5724838376045227,roddy_events,overlaps_after_p_now,0.544782005775861,combined-->SWB_ASR
1,0.5209155678749084,0.43896713852882385,0.576241135597229,roddy_events,overlaps_after_p_now,0.5323778990623768,combined-->SWB_ASR
2,0.5322176814079285,0.5094736814498901,0.5475727915763855,roddy_events,overlaps_after_p_now,0.5474027708866074,combined-->SWB_ASR
3,0.5417534112930298,0.4842342436313629,0.5805860757827759,roddy_events,overlaps_after_p_now,0.5524407465363917,combined-->SWB_ASR
4,0.5297350883483887,0.4695259630680084,0.5703839063644409,roddy_events,overlaps_after_p_now,0.5414233553426714,combined-->SWB_ASR
0,0.710648238658905,0.6666666865348816,0.7403414249420166,roddy_events,overlaps_after_p_future,0.7180387517015889,combined-->SWB_ASR
1,0.7048438787460327,0.66816645860672,0.7296058535575867,roddy_events,overlaps_after_p_future,0.708897879215806,combined-->SWB_ASR
2,0.6967183947563171,0.6529209613800049,0.7262872457504272,roddy_events,overlaps_after_p_future,0.7034718776637023,combined-->SWB_ASR
3,0.7166556119918823,0.6735870838165283,0.7457322478294373,roddy_events,overlaps_after_p_future,0.7236810299861329,combined-->SWB_ASR
4,0.7217297554016113,0.6811926364898682,0.749097466468811,roddy_events,overlaps_after_p_future,0.7232802819230818,combined-->SWB_ASR
0,0.8345918655395508,0.9064908027648926,0.46068376302719116,gap_0,gap_0_p_future,0.7023046363582015,combined-->SWB_ASR
1,0.8317199945449829,0.910430371761322,0.4223894774913788,gap_0,gap_0_p_future,0.7033104075593148,combined-->SWB_ASR
2,0.8252519965171814,0.902868926525116,0.4216073751449585,gap_0,gap_0_p_future,0.7015348755983835,combined-->SWB_ASR
3,0.8356637954711914,0.9084064960479736,0.4573677182197571,gap_0,gap_0_p_future,0.7186295664306012,combined-->SWB_ASR
4,0.8334940075874329,0.9090375304222107,0.44063204526901245,gap_0,gap_0_p_future,0.7191402640180355,combined-->SWB_ASR
0,0.7924564480781555,0.8839476704597473,0.31665942072868347,gap_0,gap_0_p_now,0.7190397399604767,combined-->SWB_ASR
1,0.7925371527671814,0.881456732749939,0.33011341094970703,gap_0,gap_0_p_now,0.7156516959911949,combined-->SWB_ASR
2,0.7866349220275879,0.883703887462616,0.2818305492401123,gap_0,gap_0_p_now,0.7067815239022626,combined-->SWB_ASR
3,0.7913755774497986,0.8823398947715759,0.31831830739974976,gap_0,gap_0_p_now,0.7148235074653705,combined-->SWB_ASR
4,0.7958367466926575,0.8785735964775085,0.36556604504585266,gap_0,gap_0_p_now,0.7186766152270423,combined-->SWB_ASR
0,0.8317384123802185,0.8285946249961853,0.8347690105438232,gap_0,s_pred_p_now,0.8316818141625852,combined-->SWB_ASR
1,0.8237706422805786,0.8233413100242615,0.8241845369338989,gap_0,s_pred_p_now,0.8239972722420732,combined-->SWB_ASR
2,0.8140525817871094,0.8067993521690369,0.8210445642471313,gap_0,s_pred_p_now,0.8137662716040273,combined-->SWB_ASR
3,0.8293582201004028,0.8283881545066833,0.8302934169769287,gap_0,s_pred_p_now,0.829522763228958,combined-->SWB_ASR
4,0.8229807019233704,0.8216867446899414,0.824228048324585,gap_0,s_pred_p_now,0.823111768736001,combined-->SWB_ASR
0,0.7231155633926392,0.733564019203186,0.7130434513092041,gap_0,s_pred_p_future,0.726283677918456,combined-->SWB_ASR
1,0.7170470952987671,0.7285276055335999,0.7059800624847412,gap_0,s_pred_p_future,0.7201653067105517,combined-->SWB_ASR
2,0.7150976657867432,0.7330079078674316,0.6978325247764587,gap_0,s_pred_p_future,0.7178822089495651,combined-->SWB_ASR
3,0.7356383800506592,0.7440062165260315,0.7275720238685608,gap_0,s_pred_p_future,0.7368629638794723,combined-->SWB_ASR
4,0.7348539233207703,0.7302231192588806,0.7393178939819336,gap_0,s_pred_p_future,0.7350808244597442,combined-->SWB_ASR
0,0.8307923078536987,0.9005805850028992,0.5139010548591614,gap_0,superset_p_future,0.7286901752391495,combined-->SWB_ASR
1,0.827924370765686,0.9024621248245239,0.48946717381477356,gap_0,superset_p_future,0.7253003992858371,combined-->SWB_ASR
2,0.824852466583252,0.9023442268371582,0.4729815721511841,gap_0,superset_p_future,0.7254275467694389,combined-->SWB_ASR
3,0.8289989829063416,0.906191349029541,0.47848761081695557,gap_0,superset_p_future,0.7439600270749347,combined-->SWB_ASR
4,0.8265101313591003,0.8969908356666565,0.5064747929573059,gap_0,superset_p_future,0.7395466604553163,combined-->SWB_ASR
